,participant,scenario,taskId,length,num_unlock,trajectory_Id,num_turns,num_POI,num_crossroad
0,8,1,1,144.6,2,1,2,2,2
1,8,1,2,309.87,3,2,2,4,2
2,8,1,3,253.34,6,3,5,2,3
3,8,1,4,189.42,6,4,2,3,2
4,8,2,1,559.04,8,5,8,9,4
5,8,2,2,113.17,1,6,3,2,0
6,8,2,3,198.05,4,7,2,3,0
7,8,2,4,73.31,1,8,1,2,1
8,8,3,1,222.9,3,9,3,3,1
9,8,3,2,172.23,3,10,2,4,2
10,8,3,3,70.19,1,11,1,2,1
11,8,3,4,101.56,1,12,1,3,0
12,8,4,1,71.08,2,13,0,2,1
13,8,4,2,336.47,9,14,4,6,1
14,8,4,3,300.15,6,15,4,4,1
15,8,4,4,248.09,3,16,3,4,2
16,9,1,1,213.3,5,17,1,2,2
17,9,1,2,240.58,3,18,0,5,1
18,9,1,3,83.71,1,19,2,4,1
19,9,1,4,0.2,0,20,0,2,0
20,9,2,1,281.62,7,21,2,6,2
21,9,2,2,153.45,3,22,1,3,1
22,9,2,3,81.59,1,23,1,2,1
23,9,2,4,43.51,1,24,0,2,1
24,9,3,1,140.91,1,25,1,1,2
25,9,3,2,159.84,2,26,1,2,1
26,9,3,3,212.18,8,27,5,2,1
27,9,3,4,56.31,1,28,2,2,1
28,9,4,1,234.84,5,29,0,1,0
29,9,4,2,494.76,17,30,5,5,2
30,9,4,3,209.03,3,31,2,3,1
31,9,4,4,171.69,2,32,1,2,0
32,10,1,1,298.47,10,33,6,2,2
33,10,1,2,175.18,4,34,0,4,0
34,10,1,3,54.43,1,35,1,3,1
35,10,1,4,7.12,0,36,0,1,0
36,10,2,1,257.06,7,37,3,5,2
37,10,2,2,152.44,5,38,2,4,1
38,10,2,3,156.68,4,39,1,3,2
39,10,2,4,320.07,11,40,2,5,3
40,10,3,1,159.3,4,41,1,1,1
41,10,3,2,297.52,11,42,5,6,2
42,10,3,3,86.23,4,43,2,3,0
43,10,3,4,442.29,17,44,9,7,0
44,10,4,1,185.02,4,45,1,3,1
45,10,4,2,308.37,10,46,3,5,2
46,10,4,3,263.07,8,47,1,4,2
47,10,4,4,234.88,6,48,3,3,1
48,12,1,1,76.08,2,49,1,2,1
49,12,1,2,201.39,6,50,2,5,0
50,12,1,3,185.11,5,51,2,5,0
51,12,1,4,240.73,3,52,0,6,1
52,12,2,1,307.59,5,53,3,4,2
53,12,2,2,247.67,5,54,2,5,1
54,12,2,3,38.35,1,55,0,2,0
55,12,2,4,344.57,9,56,1,4,2
56,12,3,1,231.53,4,57,3,2,1
57,12,3,2,280.23,5,58,3,4,2
58,12,3,3,201.28,5,59,0,5,1
59,12,3,4,183.05,5,60,1,4,1
60,12,4,1,149.05,5,61,0,1,2
61,12,4,2,125.24,5,62,1,4,0
62,12,4,3,216.01,2,63,1,6,1
63,12,4,4,177.94,7,64,2,3,1
64,13,1,1,63.27,2,65,0,1,0
65,13,1,2,229.77,7,66,4,2,3
66,13,1,3,115.24,3,67,0,3,1
67,13,1,4,183.17,5,68,1,2,0
68,13,2,1,238.08,7,69,2,4,2
69,13,2,2,76.2,3,70,0,4,1
70,13,2,3,139.66,4,71,1,5,2
71,13,2,4,126.01,3,72,2,2,0
72,13,3,1,167.88,4,73,1,3,1
73,13,3,2,102.11,3,74,1,2,0
74,13,3,3,60.2,2,75,0,3,0
75,13,3,4,156.79,4,76,1,5,0
76,13,4,1,185.98,4,77,2,3,1
77,13,4,2,312.3,9,78,3,6,3
78,13,4,3,387.42,12,79,6,3,1
79,13,4,4,176.07,5,80,1,2,0
80,15,1,1,115.46,5,81,1,2,1
81,15,1,2,122.51,4,82,0,3,2
82,15,1,3,237.35,6,83,1,5,0
83,15,1,4,144.11,2,84,1,2,1
84,15,2,1,362.68,9,85,5,7,2
85,15,2,2,3.36,0,86,0,2,0
86,15,2,3,72.4,2,87,1,3,0
87,15,2,4,286.94,4,88,2,4,2
88,15,3,1,235.96,3,89,5,2,3
89,15,3,2,310.51,12,90,4,4,4
90,15,3,3,80.79,4,91,2,4,1
91,15,3,4,360.31,5,92,3,6,2
92,15,4,1,298.37,6,93,3,1,2
93,15,4,2,739.98,17,94,10,5,4
94,15,4,3,255.09,13,95,4,2,2
95,15,4,4,264.56,10,96,6,5,2
96,16,1,1,207.13,8,97,3,2,2
97,16,1,2,215.66,5,98,0,4,1
98,16,1,3,117.89,4,99,2,4,1
99,16,1,4,21.64,1,100,0,2,1
100,16,2,1,281.37,9,101,3,4,3
101,16,2,2,188.09,4,102,2,3,2
102,16,2,3,153.24,5,103,2,2,0
103,16,2,4,264.45,9,104,4,4,3
104,16,3,1,158.15,4,105,2,3,1
105,16,3,2,100.61,6,106,1,2,0
106,16,3,3,63.55,2,107,0,3,0
107,16,3,4,186.46,7,108,1,5,0
108,16,4,1,73.2,3,109,1,1,1
109,16,4,2,325.93,17,110,6,3,2
110,16,4,3,227.69,12,111,3,2,2
111,16,4,4,172.05,7,112,4,2,2
112,17,1,1,139.03,5,113,3,2,2
113,17,1,2,369.66,10,114,4,6,5
114,17,1,3,134.99,7,115,1,3,3
115,17,1,4,124.14,4,116,1,2,2
116,17,2,1,195.93,9,117,2,2,2
117,17,2,2,95.81,4,118,1,2,1
118,17,2,3,251.53,7,119,6,3,1
119,17,2,4,182.66,6,120,2,3,1
120,17,3,1,147.56,4,121,1,3,1
121,17,3,2,113.55,3,122,1,2,0
122,17,3,3,391.64,14,123,10,5,0
123,17,3,4,334.24,11,124,5,4,2
124,17,4,1,196.23,5,125,2,3,2
125,17,4,2,92.16,2,126,1,4,1
126,17,4,3,223.14,5,127,1,6,1
127,17,4,4,336.4,8,128,5,5,2
128,18,1,1,77.89,2,129,1,2,1
129,18,1,2,167.14,2,130,1,4,0
130,18,1,3,158.73,5,131,4,4,0
131,18,1,4,242.36,2,132,1,5,2
132,18,2,1,556.62,8,133,9,7,4
133,18,2,2,80.77,2,134,1,2,1
134,18,2,3,148.11,1,135,1,4,0
135,18,2,4,221.7,4,136,2,3,2
136,18,3,1,192.9,6,137,3,1,3
137,18,3,2,206.24,4,138,1,2,1
138,18,3,3,199.39,4,139,3,4,2
139,18,3,4,54.05,1,140,1,3,1
140,18,4,1,124.39,3,141,0,1,2
141,18,4,2,135.91,2,142,3,3,0
142,18,4,3,81.21,1,143,0,4,1
143,18,4,4,137.86,1,144,0,5,1
144,19,1,1,208.07,2,145,2,2,1
145,19,1,2,302.46,3,146,0,5,3
146,19,1,3,50.98,1,147,0,3,1
147,19,1,4,125.99,2,148,2,2,1
148,19,2,1,228.49,4,149,1,2,1
149,19,2,2,217.02,5,150,3,4,0
150,19,2,3,77.99,1,151,1,2,1
151,19,2,4,40.55,1,152,0,2,1
152,19,3,1,211.37,4,153,2,4,3
153,19,3,2,68.15,3,154,1,3,1
154,19,3,3,191.8,5,155,0,3,2
155,19,3,4,92.1,2,156,2,3,1
156,19,4,1,63.83,1,157,1,1,1
157,19,4,2,207.62,4,158,3,3,2
158,19,4,3,113.13,2,159,1,3,1
159,19,4,4,210.85,4,160,3,2,1
160,20,1,1,64.03,1,161,0,1,0
161,20,1,2,247.39,5,162,5,3,3
162,20,1,3,127.22,2,163,2,3,1
163,20,1,4,210.38,3,164,3,3,1
164,20,2,1,111.02,1,165,1,4,1
165,20,2,2,106.96,1,166,1,4,0
166,20,2,3,61.38,1,167,1,3,1
167,20,2,4,37.31,1,168,0,1,0
168,20,3,1,62.69,1,169,1,1,0
169,20,3,2,117.35,1,170,0,3,1
170,20,3,3,7.49,0,171,0,2,0
171,20,3,4,31.44,1,172,0,3,1
172,20,4,1,184.4,5,173,2,3,1
173,20,4,2,255.36,7,174,1,6,1
174,20,4,3,255.07,5,175,2,5,0
175,20,4,4,149.21,2,176,1,4,2
176,21,1,1,78.29,3,177,1,2,1
177,21,1,2,181.84,6,178,2,5,0
178,21,1,3,178.38,3,179,1,2,1
179,21,1,4,265.23,3,180,1,5,1
180,21,2,1,339.3,5,181,6,4,3
181,21,2,2,494.93,10,182,9,3,2
182,21,2,3,371.29,5,183,2,4,1
183,21,2,4,208.99,2,184,2,4,1
184,21,3,1,254.78,6,185,2,3,2
185,21,3,2,243.36,3,186,0,5,1
186,21,3,3,369.12,8,187,5,6,4
187,21,3,4,78.55,3,188,1,3,2
188,21,4,1,61.57,2,189,1,1,1
189,21,4,2,216.8,5,190,5,3,2
190,21,4,3,112.79,2,191,1,3,1
191,21,4,4,129.57,2,192,1,2,1
192,22,1,1,227.77,4,193,2,2,1
193,22,1,2,377.03,4,194,6,4,3
194,22,1,3,98.01,2,195,1,3,1
195,22,1,4,127.23,4,196,1,3,0
196,22,2,1,380.37,10,197,5,6,1
197,22,2,2,217.07,6,198,3,4,0
198,22,2,3,75.47,1,199,1,2,1
199,22,2,4,49.9,1,200,1,2,1
200,22,3,1,209.72,5,201,2,4,3
201,22,3,2,69.14,1,202,1,3,1
202,22,3,3,226.56,2,203,2,3,3
203,22,3,4,225.83,5,204,4,4,1
204,22,4,1,76.16,1,205,1,1,1
205,22,4,2,230.94,4,206,6,3,2
206,22,4,3,126.72,1,207,0,3,1
207,22,4,4,117.16,1,208,1,2,1
208,23,1,1,67.99,2,209,0,1,0
209,23,1,2,217.63,6,210,5,3,3
210,23,1,3,144.66,4,211,3,3,1
211,23,1,4,148.65,4,212,2,2,1
212,23,2,1,431.26,13,213,3,6,2
213,23,2,2,195.96,6,214,2,5,1
214,23,2,3,81.51,2,215,0,3,1
215,23,2,4,165.16,5,216,1,5,0
216,23,3,1,590.44,14,217,7,8,5
217,23,3,2,83.82,2,218,2,2,1
218,23,3,3,92.95,3,219,1,4,1
219,23,3,4,131.89,4,220,1,4,1
220,23,4,1,227.26,4,221,0,1,0
221,23,4,2,513.64,13,222,6,5,2
222,23,4,3,196.64,4,223,1,3,1
223,23,4,4,191.54,5,224,1,2,0
224,24,1,1,116.39,1,225,1,2,1
225,24,1,2,327.53,1,226,3,5,2
226,24,1,3,134.68,1,227,0,4,2
227,24,1,4,172.24,2,228,2,3,1
228,24,2,1,183.74,2,229,3,2,2
229,24,2,2,65.07,1,230,0,2,1
230,24,2,3,477.42,7,231,5,5,5
231,24,2,4,56.23,1,232,0,2,1
232,24,3,1,190.47,2,233,1,3,1
233,24,3,2,180.97,1,234,3,5,2
234,24,3,3,75.59,1,235,0,2,1
235,24,3,4,124.01,1,236,1,3,0
236,24,4,1,86.25,1,237,1,2,2
237,24,4,2,255.51,2,238,3,7,1
238,24,4,3,288.91,3,239,4,5,3
239,24,4,4,157.28,1,240,3,5,2
240,25,1,1,206.39,2,241,1,2,2
241,25,1,2,212.25,2,242,0,5,1
242,25,1,3,77.8,1,243,0,4,1
243,25,1,4,47.07,1,244,0,2,1
244,25,2,1,329.22,2,245,4,7,1
245,25,2,2,159.84,2,246,2,4,0
246,25,2,3,81.66,1,247,1,2,1
247,25,2,4,41.67,1,248,0,2,1
248,25,3,1,210.65,4,249,2,1,3
249,25,3,2,261.16,3,250,2,5,2
250,25,3,3,155.63,2,251,1,3,1
251,25,3,4,126.48,1,252,2,3,1
252,25,4,1,212.87,3,253,0,1,0
253,25,4,2,471.2,5,254,4,5,3
254,25,4,3,199.05,1,255,1,3,1
255,25,4,4,151.66,3,256,1,3,0
256,26,1,1,73.42,2,257,0,1,0
257,26,1,2,249.92,5,258,4,3,2
258,26,1,3,118.5,4,259,2,3,1
259,26,1,4,242.55,7,260,4,4,1
260,26,2,1,241.75,6,261,2,4,2
261,26,2,2,119.66,2,262,2,4,1
262,26,2,3,206.42,4,263,2,5,3
263,26,2,4,272.12,7,264,5,5,3
264,26,3,1,147.14,3,265,2,3,1
265,26,3,2,359.66,13,266,6,7,1
266,26,3,3,90.28,3,267,1,3,0
267,26,3,4,308.22,10,268,5,7,0
268,26,4,1,212.2,5,269,2,3,1
269,26,4,2,251.99,3,270,5,5,1
270,26,4,3,254.46,5,271,1,5,1
271,26,4,4,200.8,7,272,1,4,0
272,27,1,1,120.45,1,273,1,2,2
273,27,1,2,0.0,0,274,0,2,0
274,27,1,3,240.06,1,275,1,5,0
275,27,1,4,113.36,1,276,0,2,1
276,27,2,1,265.18,2,277,5,2,2
277,27,2,2,64.76,1,278,0,2,1
278,27,2,3,169.75,1,279,2,2,1
279,27,2,4,175.8,2,280,1,3,2
280,27,3,1,192.76,2,281,1,3,1
281,27,3,2,151.63,2,282,2,5,2
282,27,3,3,47.57,1,283,0,2,1
283,27,3,4,63.34,1,284,0,3,2
284,27,4,1,73.55,1,285,0,2,2
285,27,4,2,233.9,3,286,2,6,0
286,27,4,3,79.92,1,287,2,2,1
287,27,4,4,125.4,1,288,1,3,2
288,28,1,1,70.56,1,289,1,2,1
289,28,1,2,191.87,3,290,4,5,0
290,28,1,3,42.65,1,291,0,4,0
291,28,1,4,268.77,2,292,3,6,1
292,28,2,1,244.02,3,293,2,4,3
293,28,2,2,170.13,2,294,1,2,2
294,28,2,3,211.38,1,295,0,4,1
295,28,2,4,200.72,1,296,0,2,1
296,28,3,1,344.08,3,297,5,3,5
297,28,3,2,59.29,1,298,0,2,1
298,28,3,3,73.18,1,299,1,4,1
299,28,3,4,117.04,1,300,1,3,1
300,28,4,1,126.77,2,301,0,1,2
301,28,4,2,132.5,4,302,3,3,0
302,28,4,3,87.44,1,303,1,4,1
303,28,4,4,139.03,1,304,0,5,1
304,29,1,1,64.22,1,305,0,1,0
305,29,1,2,236.41,3,306,2,2,2
306,29,1,3,203.55,3,307,4,3,2
307,29,1,4,289.97,5,308,5,3,0
308,29,2,1,235.2,3,309,5,3,2
309,29,2,2,393.37,3,310,6,9,3
310,29,2,3,214.54,3,311,3,6,1
311,29,2,4,112.84,2,312,2,3,1
312,29,3,1,153.53,2,313,2,3,1
313,29,3,2,97.75,1,314,1,2,0
314,29,3,3,63.73,1,315,0,3,0
315,29,3,4,161.2,2,316,2,5,0
316,29,4,1,188.11,3,317,3,2,1
317,29,4,2,352.47,4,318,7,5,3
318,29,4,3,163.32,3,319,3,2,2
319,29,4,4,148.68,1,320,1,4,2
320,30,1,1,78.12,1,321,1,2,1
321,30,1,2,136.62,3,322,2,4,0
322,30,1,3,148.93,3,323,2,5,0
323,30,1,4,214.2,3,324,3,6,0
324,30,2,1,200.74,4,325,4,2,2
325,30,2,2,88.01,3,326,1,2,1
326,30,2,3,174.7,5,327,2,2,1
327,30,2,4,162.93,4,328,3,3,3
328,30,3,1,219.53,8,329,2,1,1
329,30,3,2,208.07,8,330,4,4,2
330,30,3,3,59.56,3,331,0,2,1
331,30,3,4,75.09,1,332,1,3,2
332,30,4,1,188.21,3,333,4,3,1
333,30,4,2,296.75,3,334,5,3,1
334,30,4,3,235.12,4,335,5,2,1
335,30,4,4,185.56,4,336,3,2,0
336,31,1,1,118.55,2,337,1,2,1
337,31,1,2,137.04,4,338,1,3,1
338,31,1,3,305.09,5,339,5,7,2
339,31,1,4,141.15,2,340,3,2,1
340,31,2,1,238.25,7,341,2,5,1
341,31,2,2,211.0,4,342,3,6,1
342,31,2,3,90.8,3,343,3,3,1
343,31,2,4,58.07,1,344,1,3,1
344,31,3,1,166.26,5,345,2,1,2
345,31,3,2,264.14,5,346,5,2,2
346,31,3,3,478.05,4,347,4,5,2
347,31,4,1,402.69,7,348,3,3,2
348,31,4,2,162.37,2,349,1,3,2
349,31,4,3,270.03,6,350,0,5,2
350,31,4,4,159.69,1,351,3,3,1
351,32,1,1,206.13,5,352,1,2,2
352,32,1,2,235.49,2,353,0,5,1
353,32,1,3,94.71,2,354,0,4,1
354,32,1,4,25.3,1,355,0,2,1
355,32,2,1,268.94,5,356,4,3,2
356,32,2,2,239.97,2,357,2,6,2
357,32,2,3,52.89,1,358,0,3,0
358,32,2,4,367.28,5,359,4,5,3
359,32,3,1,135.84,3,360,1,3,1
360,32,3,2,105.35,3,361,1,2,0
361,32,3,3,274.5,4,362,2,5,1
362,32,3,4,168.97,4,363,3,3,0
363,32,4,1,74.9,2,364,1,1,1
364,32,4,2,194.47,5,365,1,3,2
365,32,4,3,123.13,5,366,1,3,1
366,32,4,4,266.87,7,367,3,5,2
367,33,1,1,116.68,1,368,1,2,1
368,33,1,2,324.25,2,369,4,5,2
369,33,1,3,233.77,2,370,0,4,1
370,33,1,4,159.36,2,371,2,4,1
371,33,2,1,189.47,3,372,3,2,2
372,33,2,2,192.2,3,373,2,3,2
373,33,2,3,336.85,2,374,5,2,2
374,33,2,4,151.58,1,375,2,3,3
375,33,3,1,151.61,2,376,1,3,1
376,33,3,2,117.32,1,377,2,3,1
377,33,3,3,167.17,2,378,2,4,2
378,33,3,4,148.49,1,379,3,4,0
379,33,4,1,132.22,1,380,0,1,2
380,33,4,2,125.59,1,381,1,4,0
381,33,4,3,221.9,1,382,2,7,2
382,33,4,4,37.07,1,383,1,2,0
383,34,1,1,75.45,2,384,1,2,1
384,34,1,2,249.86,4,385,2,4,0
385,34,1,3,0.0,0,386,0,2,0
386,34,1,4,231.16,2,387,1,5,2
387,34,2,1,280.37,7,388,4,4,3
388,34,2,2,182.01,2,389,2,2,2
389,34,2,3,280.82,1,390,2,3,1
390,34,2,4,137.53,1,391,0,3,0
391,34,3,1,225.66,3,392,5,2,3
392,34,3,2,227.46,6,393,2,3,2
393,34,3,3,193.44,4,394,3,3,2
394,34,3,4,8.95,0,395,0,1,0
395,34,4,1,88.09,1,396,1,1,0
396,34,4,2,155.44,1,397,1,4,1
397,34,4,3,50.74,1,398,1,3,0
398,34,4,4,6.32,0,399,0,2,0
399,35,1,1,203.07,5,400,2,2,1
400,35,1,2,218.38,6,401,0,5,1
401,35,1,3,80.8,1,402,0,4,1
402,35,1,4,25.9,1,403,0,2,1
403,35,2,1,283.04,6,404,2,6,2
404,35,2,2,146.02,4,405,1,4,2
405,35,2,3,59.99,1,406,0,2,0
406,35,2,4,36.95,1,407,0,2,1
407,35,3,1,191.74,4,408,1,3,2
408,35,3,2,53.11,1,409,1,3,1
409,35,3,3,219.14,6,410,3,3,3
410,35,3,4,96.27,3,411,2,3,1
411,35,4,1,60.22,1,412,1,1,1
412,35,4,2,181.3,3,413,0,3,2
413,35,4,3,158.55,6,414,2,3,2
414,35,4,4,238.82,8,415,3,2,1
415,36,1,1,66.74,2,416,0,1,0
416,36,1,2,245.2,3,417,3,3,3
417,36,1,3,113.03,2,418,0,3,1
418,36,1,4,187.22,4,419,2,2,0
419,36,2,1,237.25,2,420,3,4,2
420,36,2,2,79.15,2,421,0,4,1
421,36,2,3,142.67,2,422,1,5,2
422,36,2,4,122.06,1,423,1,2,0
423,36,3,1,145.14,3,424,2,3,1
424,36,3,2,100.26,1,425,1,2,0
425,36,3,3,76.05,1,426,0,3,0
426,36,3,4,166.81,5,427,1,5,0
427,36,4,1,206.59,5,428,1,4,2
428,36,4,2,273.85,8,429,2,5,1
429,36,4,3,208.46,5,430,1,3,1
430,36,4,4,162.14,4,431,2,2,0
431,37,1,1,81.84,2,432,2,2,1
432,37,1,2,255.16,6,433,3,4,0
433,37,1,3,532.06,10,434,4,8,3
434,37,1,4,410.35,7,435,1,6,1
435,37,2,1,272.99,4,436,3,4,3
436,37,2,2,463.93,9,437,2,5,3
437,37,2,3,138.42,2,438,1,3,0
438,37,2,4,293.47,7,439,1,4,1
439,37,3,1,470.04,9,440,3,8,3
440,37,3,2,144.24,2,441,2,3,1
441,37,3,3,195.08,11,442,6,3,0
442,37,3,4,56.01,2,443,1,3,1
443,37,4,1,42.89,1,444,0,1,1
444,37,4,2,228.43,6,445,4,3,2
445,37,4,3,312.43,7,446,4,2,2
446,37,4,4,126.35,4,447,2,5,0
447,38,1,1,256.8,10,448,2,3,2
448,38,1,2,309.35,11,449,1,5,3
449,38,1,3,127.28,4,450,3,4,1
450,38,1,4,330.46,10,451,4,5,0
451,38,2,1,434.71,13,452,9,7,3
452,38,2,2,377.07,13,453,4,8,1
453,38,2,3,121.22,5,454,3,3,2
454,38,2,4,35.58,1,455,0,2,1
455,38,3,1,253.74,9,456,3,4,3
456,38,3,2,94.49,6,457,2,3,1
457,38,3,3,231.04,12,458,2,3,2
458,38,3,4,587.41,29,459,4,4,1
459,38,4,1,128.93,7,460,1,1,2
460,38,4,2,86.94,7,461,1,2,1
461,38,4,3,459.43,22,462,6,5,3
462,38,4,4,333.22,13,463,2,6,0
463,39,1,1,64.87,1,464,0,1,0
464,39,1,2,223.48,5,465,3,3,2
465,39,1,3,126.52,1,466,2,3,1
466,39,1,4,182.09,3,467,1,2,0
467,39,2,1,236.32,3,468,3,4,2
468,39,2,2,83.69,2,469,0,4,1
469,39,2,3,153.46,3,470,2,5,2
470,39,2,4,243.25,3,471,4,4,0
471,39,3,1,158.66,4,472,1,3,1
472,39,3,2,164.68,6,473,2,4,0
473,39,3,3,172.98,3,474,2,4,1
474,39,3,4,180.12,4,475,2,2,0
475,39,4,1,161.31,5,476,2,2,1
476,39,4,2,275.52,5,477,3,4,1
477,39,4,3,367.56,3,478,8,3,1
478,39,4,4,171.54,3,479,1,3,0
479,40,1,1,115.8,3,480,1,2,1
480,40,1,2,129.59,4,481,0,3,1
481,40,1,3,272.27,2,482,3,4,0
482,40,1,4,186.18,5,483,3,3,2
483,40,2,1,230.89,4,484,2,3,4
484,40,2,2,122.84,2,485,2,2,2
485,40,2,3,225.44,4,486,2,3,2
486,40,2,4,145.35,1,487,1,3,3
487,40,3,1,173.58,4,488,4,2,1
488,40,3,2,162.2,2,489,3,5,2
489,40,3,3,90.5,2,490,0,2,1
490,40,3,4,95.18,3,491,1,3,2
491,40,4,1,83.3,4,492,0,2,2
492,40,4,2,263.63,8,493,5,5,1
493,40,4,3,39.3,1,494,0,3,0
494,40,4,4,53.21,1,495,2,3,1
495,41,1,1,224.35,3,496,2,2,1
496,41,1,2,213.75,1,497,0,5,1
497,41,1,3,82.88,2,498,0,4,1
498,41,1,4,249.39,2,499,2,7,2
499,41,2,1,299.18,3,500,4,6,2
500,41,2,2,138.99,2,501,1,3,1
501,41,2,3,66.32,1,502,0,2,1
502,41,2,4,44.26,1,503,0,2,1
503,41,3,1,179.05,3,504,3,2,2
504,41,3,2,194.21,2,505,1,2,1
505,41,3,3,190.13,2,506,3,3,2
506,41,3,4,49.8,1,507,1,3,1
507,41,4,1,186.88,1,508,2,3,1
508,41,4,2,344.43,3,509,4,6,3
509,41,4,3,256.54,2,510,4,5,2
510,41,4,4,157.49,1,511,2,5,2
511,42,1,1,69.12,1,512,0,1,0
512,42,1,2,166.34,1,513,0,3,2
513,42,1,3,118.88,1,514,2,3,1
514,42,1,4,171.88,2,515,2,2,0
515,42,2,1,239.42,2,516,3,4,2
516,42,2,2,79.67,2,517,0,4,1
517,42,2,3,141.55,2,518,1,3,2
518,42,2,4,116.53,1,519,1,2,0
519,42,3,1,141.02,2,520,2,2,1
520,42,3,2,113.32,1,521,2,2,0
521,42,3,3,67.5,1,522,0,3,0
522,42,3,4,163.18,2,523,1,5,0
523,42,4,1,171.44,2,524,2,2,1
524,42,4,2,283.1,3,525,5,5,3
525,42,4,3,196.58,1,526,3,3,1
526,42,4,4,160.87,2,527,0,4,1
527,43,1,1,118.84,1,528,1,2,1
528,43,1,2,597.87,5,529,9,5,4
529,43,1,3,22.58,0,530,0,3,1
530,43,1,4,100.94,1,531,0,2,1
531,43,2,1,214.7,2,532,4,2,2
532,43,2,2,90.48,1,533,1,2,1
533,43,2,3,180.99,1,534,3,2,2
534,43,2,4,172.01,2,535,2,3,2
535,43,3,1,203.77,3,536,1,3,1
536,43,3,2,219.9,7,537,5,5,2
537,43,3,3,59.69,1,538,0,2,1
538,43,3,4,107.56,4,539,1,3,0
539,43,4,1,246.77,4,540,3,4,1
540,43,4,2,157.2,1,541,2,4,0
541,43,4,3,23.44,1,542,0,3,0
542,43,4,4,91.85,1,543,1,3,1
543,44,1,1,76.91,4,544,1,2,1
544,44,1,2,252.92,7,545,3,4,1
545,44,1,3,41.61,1,546,0,3,0
546,44,1,4,56.56,2,547,1,4,1
547,44,2,1,246.32,6,548,3,4,2
548,44,2,2,163.3,4,549,1,2,2
549,44,2,3,123.87,5,550,2,2,0
550,44,2,4,157.79,5,551,3,2,0
551,44,3,1,144.99,4,552,2,1,2
552,44,3,2,182.62,4,553,1,2,1
553,44,3,3,205.38,6,554,0,3,1
554,44,3,4,169.59,2,555,1,3,1
555,44,4,1,142.43,3,556,0,1,2
556,44,4,2,131.03,2,557,1,4,0
557,44,4,3,80.41,3,558,1,4,1
558,44,4,4,137.1,3,559,0,5,1
559,45,1,1,66.68,2,560,0,1,0
560,45,1,2,167.21,4,561,2,3,2
561,45,1,3,214.57,1,562,2,3,3
562,45,1,4,258.82,2,563,5,2,2
563,45,2,1,21.53,0,564,0,1,1
564,45,2,2,90.83,1,565,0,2,1
565,45,2,3,60.91,1,566,0,3,1
566,45,2,4,68.25,2,567,0,1,0
567,45,3,1,49.3,1,568,1,1,0
568,45,3,2,109.82,1,569,2,3,1
569,45,3,3,137.36,2,570,1,2,0
570,45,3,4,58.62,1,571,1,2,0
571,45,4,1,117.28,1,572,3,3,0
572,45,4,2,319.81,7,573,5,7,3
573,45,4,3,119.6,2,574,2,2,0
574,45,4,4,140.19,3,575,1,3,1
575,46,1,1,76.53,1,576,1,2,1
576,46,1,2,189.12,2,577,2,5,0
577,46,1,3,180.88,1,578,0,4,1
578,46,1,4,79.42,1,579,1,2,1
579,46,2,1,192.57,3,580,3,2,2
580,46,2,2,74.01,1,581,1,2,1
581,46,2,3,203.27,2,582,5,2,1
582,46,2,4,153.32,1,583,1,3,3
583,46,3,1,194.86,3,584,1,3,1
584,46,3,2,161.88,2,585,1,5,2
585,46,3,3,58.22,1,586,0,2,1
586,46,3,4,113.2,2,587,1,3,0
587,46,4,1,247.57,2,588,0,1,0
588,46,4,2,470.18,5,589,6,5,2
589,46,4,3,206.74,2,590,1,3,1
590,46,4,4,168.27,2,591,1,2,0
591,47,1,1,115.21,3,592,1,2,1
592,47,1,2,133.43,2,593,2,4,2
593,47,1,3,259.72,6,594,4,4,2
594,47,1,4,150.89,3,595,2,4,1
595,47,2,1,264.86,8,596,4,5,1
596,47,2,2,185.34,5,597,2,5,1
597,47,2,3,68.1,2,598,0,3,0
598,47,2,4,98.65,2,599,1,2,0
599,47,3,1,143.52,4,600,0,1,2
600,47,3,2,209.12,6,601,2,2,2
601,47,3,3,202.44,5,602,1,4,2
602,47,3,4,45.04,1,603,0,2,1
603,47,4,1,127.34,4,604,0,1,2
604,47,4,2,130.44,3,605,1,4,0
605,47,4,3,94.1,2,606,0,4,1
606,47,4,4,137.13,4,607,0,5,1
607,48,1,1,213.32,1,608,2,2,1
608,48,1,2,312.15,1,609,1,5,3
609,48,1,3,88.64,1,610,0,3,1
610,48,1,4,158.87,1,611,1,5,3
611,48,2,1,259.39,3,612,3,4,2
612,48,2,2,525.55,1,613,5,7,4
613,48,2,3,167.16,1,614,2,3,0
614,48,2,4,172.96,2,615,2,3,0
615,48,3,1,156.23,2,616,2,3,1
616,48,3,2,112.8,3,617,1,2,0
617,48,3,3,68.43,1,618,1,3,0
618,48,3,4,277.26,3,619,4,6,2
619,48,4,1,62.85,1,620,1,1,1
620,48,4,2,370.47,2,621,5,4,2
621,48,4,3,43.42,1,622,0,3,1
622,48,4,4,173.53,2,623,4,6,2
623,49,1,1,143.08,3,624,4,2,2
624,49,1,2,126.64,2,625,0,3,1
625,49,1,3,249.03,2,626,3,5,0
626,49,1,4,148.32,1,627,1,2,1
627,49,2,1,196.93,2,628,2,2,2
628,49,2,2,75.42,1,629,1,2,1
629,49,2,3,252.13,1,630,4,3,4
630,49,2,4,170.59,1,631,2,2,1
631,49,3,1,146.21,1,632,2,3,1
632,49,3,2,276.1,2,633,4,6,0
633,49,3,3,78.91,1,634,2,3,0
634,49,3,4,191.17,4,635,3,5,2
635,49,4,1,186.69,1,636,2,1,2
636,49,4,2,132.48,1,637,1,4,0
637,49,4,3,101.61,2,638,2,4,1
638,49,4,4,0.51,0,639,0,2,0
639,50,1,1,80.21,1,640,1,2,1
640,50,1,2,192.83,3,641,2,5,0
641,50,1,3,190.73,3,642,2,5,0
642,50,1,4,235.34,3,643,2,6,1
643,50,2,1,303.63,7,644,5,4,2
644,50,2,2,212.57,2,645,2,3,2
645,50,2,3,164.09,2,646,2,5,0
646,50,2,4,168.79,1,647,2,2,0
647,50,3,1,144.62,1,648,1,1,2
648,50,3,2,185.67,1,649,1,2,1
649,50,3,3,206.1,2,650,3,4,2
650,50,3,4,49.88,1,651,1,3,1
651,50,4,1,51.55,1,652,0,1,1
652,50,4,2,126.63,2,653,1,4,0
653,50,4,3,95.25,1,654,1,4,1
654,50,4,4,139.3,1,655,0,5,1
655,51,1,1,199.17,2,656,2,2,2
656,51,1,2,239.12,1,657,0,5,1
657,51,1,3,85.96,1,658,2,4,1
658,51,1,4,247.45,2,659,2,5,2
659,51,2,1,365.96,3,660,3,5,2
660,51,2,2,387.65,4,661,3,7,4
661,51,2,3,212.29,1,662,0,4,1
662,51,2,4,321.49,2,663,5,5,3
663,51,3,1,482.56,8,664,4,6,3
664,51,3,2,250.04,1,665,1,3,1
665,51,3,3,71.33,1,666,1,2,2
666,51,3,4,365.6,7,667,4,3,2
667,51,4,1,118.35,1,668,1,1,1
668,51,4,2,87.91,1,669,1,2,1
669,51,4,3,322.98,3,670,3,4,1
670,51,4,4,29.5,1,671,0,2,0
671,52,1,1,67.38,1,672,0,1,0
672,52,1,2,219.27,2,673,4,2,2
673,52,1,3,334.08,9,674,4,4,4
674,52,1,4,153.77,4,675,1,4,1
675,52,2,1,235.33,2,676,3,4,2
676,52,2,2,85.84,1,677,0,4,1
677,52,2,3,215.49,1,678,0,5,1
678,52,2,4,304.83,2,679,2,5,3
679,52,3,1,156.7,2,680,1,3,1
680,52,3,2,125.25,1,681,2,3,1
681,52,3,3,175.31,2,682,3,4,2
682,52,3,4,54.82,1,683,1,3,1
683,52,4,1,180.64,6,684,1,3,2
684,52,4,2,325.19,7,685,3,6,2
685,52,4,3,199.82,3,686,1,3,1
686,52,4,4,174.63,3,687,1,2,0
687,53,1,1,74.73,4,688,1,2,1
688,53,1,2,362.42,8,689,4,6,1
689,53,1,3,82.47,5,690,2,4,0
690,53,1,4,120.33,3,691,0,4,1
691,53,2,1,249.97,6,692,2,4,2
692,53,2,2,175.71,4,693,2,2,2
693,53,2,3,115.63,5,694,2,2,0
694,53,2,4,178.92,4,695,0,4,2
695,53,3,1,187.39,10,696,3,2,1
696,53,3,2,161.85,5,697,1,5,2
697,53,3,3,58.93,3,698,0,2,1
698,53,3,4,74.82,3,699,1,3,2
699,53,4,1,58.27,1,700,1,1,1
700,53,4,2,180.16,7,701,0,3,2
701,53,4,3,176.4,10,702,1,3,1
702,53,4,4,119.73,4,703,1,2,2
703,54,1,1,225.99,4,704,2,2,1
704,54,1,2,224.06,3,705,0,5,1
705,54,1,3,82.11,1,706,1,4,1
706,54,1,4,11.17,0,707,0,2,1
707,54,2,1,235.97,7,708,3,5,1
708,54,2,2,191.88,6,709,1,6,1
709,54,2,3,121.72,3,710,1,3,1
710,54,2,4,77.46,4,711,1,3,0
711,54,3,1,219.35,6,712,1,3,2
712,54,3,2,64.85,1,713,1,3,1
713,54,3,3,205.51,5,714,0,5,1
714,54,3,4,158.42,5,715,3,2,1
715,54,4,1,71.96,1,716,1,1,1
716,54,4,2,199.72,4,717,2,3,2
717,54,4,3,115.47,2,718,1,3,1
718,54,4,4,221.38,3,719,4,2,1
719,55,1,1,65.12,2,720,0,1,0
720,55,1,2,241.55,6,721,3,3,3
721,55,1,3,111.13,3,722,1,3,1
722,55,1,4,150.29,4,723,2,2,1
723,55,2,1,231.5,3,724,3,4,2
724,55,2,2,74.98,2,725,0,4,1
725,55,2,3,216.14,5,726,0,5,1
726,55,2,4,294.75,5,727,2,5,3
727,55,3,1,147.8,3,728,2,3,1
728,55,3,2,98.87,4,729,1,2,0
729,55,3,3,100.44,4,730,0,3,0
730,55,3,4,152.77,5,731,1,5,0
731,55,4,1,238.6,6,732,0,1,0
732,55,4,2,476.2,12,733,6,5,2
733,55,4,3,206.27,3,734,1,3,1
734,55,4,4,167.62,5,735,1,3,0
735,56,1,1,116.35,1,736,1,2,1
736,56,1,2,142.22,1,737,1,3,1
737,56,1,3,245.16,3,738,4,4,2
738,56,1,4,118.76,2,739,1,2,1
739,56,2,1,183.11,2,740,1,2,2
740,56,2,2,78.92,1,741,1,2,1
741,56,2,3,166.49,1,742,2,2,1
742,56,2,4,163.31,1,743,2,3,2
743,56,3,1,191.3,1,744,1,3,1
744,56,3,2,183.93,1,745,4,5,2
745,56,3,3,58.63,1,746,0,2,1
746,56,3,4,71.28,1,747,1,4,2
747,56,4,1,86.83,2,748,1,2,2
748,56,4,2,221.17,1,749,1,6,0
749,56,4,3,87.7,1,750,2,2,1
750,56,4,4,129.76,1,751,3,3,2
751,57,1,1,210.58,4,752,1,3,2
752,57,1,2,313.11,5,753,2,5,3
753,57,1,3,100.25,2,754,2,3,1
754,57,1,4,160.74,3,755,1,5,3
755,57,2,1,343.54,7,756,4,7,3
756,57,2,2,152.05,2,757,2,3,1
757,57,2,3,84.45,2,758,2,2,1
758,57,2,4,45.0,1,759,1,2,1
759,57,3,1,227.0,7,760,4,2,3
760,57,3,2,173.31,5,761,1,2,1
761,57,3,3,212.58,5,762,3,3,1
762,57,3,4,51.26,1,763,1,3,1
763,57,4,1,219.8,7,764,3,3,1
764,57,4,2,335.81,8,765,3,7,2
765,57,4,3,501.54,18,766,7,5,1
766,57,4,4,178.84,4,767,4,2,1
767,58,1,1,66.53,1,768,0,1,0
768,58,1,2,233.52,3,769,4,3,2
769,58,1,3,142.68,2,770,2,3,1
770,58,1,4,148.67,2,771,2,2,1
771,58,2,1,248.8,3,772,2,5,2
772,58,2,2,97.33,1,773,1,4,2
773,58,2,3,145.84,2,774,1,5,2
774,58,2,4,116.25,2,775,1,2,0
775,58,3,1,143.85,2,776,1,3,1
776,58,3,2,116.48,2,777,1,3,1
777,58,3,3,188.21,4,778,1,4,1
778,58,3,4,109.75,1,779,0,3,1
779,58,4,1,191.85,2,780,2,3,1
780,58,4,2,279.54,5,781,3,6,1
781,58,4,3,194.41,1,782,1,3,1
782,58,4,4,166.43,1,783,1,3,0
783,59,1,1,140.01,3,784,1,2,2
784,59,1,2,164.45,4,785,2,3,1
785,59,1,3,255.7,9,786,5,4,2
786,59,1,4,164.35,5,787,3,2,1
787,59,2,1,222.88,6,788,5,2,2
788,59,2,2,77.37,3,789,1,2,1
789,59,2,3,174.58,5,790,2,2,1
790,59,2,4,182.43,6,791,2,3,2
791,59,3,1,515.76,12,792,5,9,3
792,59,3,2,140.95,3,793,2,3,1
793,59,3,3,214.97,6,794,3,5,2
794,59,3,4,127.99,3,795,2,3,0
795,59,4,1,113.87,5,796,2,2,2
796,59,4,2,220.15,7,797,1,6,0
797,59,4,3,145.34,4,798,3,2,1
798,59,4,4,158.42,4,799,1,3,1
799,60,1,1,2.33,0,800,0,2,0
800,60,1,2,166.79,2,801,2,4,0
801,60,1,3,194.62,2,802,2,4,1
802,60,1,4,17.46,0,803,0,2,0
803,60,2,1,647.4,4,804,8,7,4
804,60,2,2,122.32,1,805,2,4,1
805,60,2,3,149.65,1,806,1,5,0
806,60,2,4,24.9,1,807,0,2,1
807,60,3,1,72.76,1,808,0,1,1
808,60,3,2,4.08,0,809,0,1,0
809,60,3,3,170.68,2,810,2,3,1
810,60,3,4,44.89,1,811,0,2,1
811,60,4,1,606.34,11,812,5,2,3
812,60,4,2,158.79,2,813,1,3,2
813,60,4,3,577.66,12,814,4,7,5
814,60,4,4,125.03,2,815,0,2,1
815,61,1,1,63.79,1,816,0,1,0
816,61,1,2,483.08,9,817,4,3,5
817,61,1,3,83.56,2,818,1,3,0
818,61,1,4,135.39,2,819,2,4,1
819,61,2,1,231.08,5,820,4,3,2
820,61,2,2,80.52,2,821,0,4,1
821,61,2,3,378.08,7,822,4,5,3
822,61,2,4,122.46,3,823,3,2,0
823,61,3,1,150.07,3,824,2,3,1
824,61,3,2,101.07,3,825,1,2,0
825,61,3,3,69.32,1,826,0,3,0
826,61,3,4,319.43,4,827,3,5,2
827,61,4,1,185.69,1,828,2,3,1
828,61,4,2,291.32,6,829,5,6,3
829,61,4,3,194.4,3,830,3,3,1
830,61,4,4,132.33,3,831,1,3,1
831,62,1,1,77.54,4,832,1,2,1
832,62,1,2,259.31,7,833,3,4,0
833,62,1,3,30.02,1,834,0,3,0
834,62,1,4,244.06,9,835,1,5,2
835,62,2,1,206.6,8,836,3,2,2
836,62,2,2,93.98,4,837,1,2,1
837,62,2,3,246.54,9,838,3,2,1
838,62,2,4,168.9,6,839,1,3,2
839,62,3,1,654.86,20,840,6,11,5
840,62,3,2,64.37,2,841,0,3,0
841,62,3,3,198.36,8,842,0,4,1
842,62,3,4,119.68,3,843,1,4,0
843,62,4,1,210.42,9,844,0,1,0
844,62,4,2,507.07,19,845,5,5,2
845,62,4,3,247.82,5,846,1,5,0
846,62,4,4,156.26,3,847,1,4,2
847,63,1,1,132.81,5,848,1,2,2
848,63,1,2,144.7,3,849,1,4,2
849,63,1,3,239.9,7,850,1,5,0
850,63,1,4,164.53,3,851,2,2,1
851,63,2,1,315.56,9,852,5,7,0
852,63,2,2,156.23,5,853,2,4,0
853,63,2,3,91.68,3,854,1,2,1
854,63,2,4,60.63,1,855,1,2,1
855,63,3,1,145.88,5,856,1,1,2
856,63,3,2,203.25,5,857,1,2,1
857,63,3,3,204.93,6,858,1,4,2
858,63,3,4,48.26,1,859,0,3,1
859,63,4,1,135.21,4,860,0,1,2
860,63,4,2,124.22,4,861,1,4,0
861,63,4,3,208.43,5,862,1,6,1
862,63,4,4,163.16,5,863,2,3,1
