,event_number,participant,trajectory_Id,traffic_density,map_type,total_inactive_time,state
0,1,8,1,0,0,5.23,1
1,2,8,1,0,0,35.79,1
2,3,8,2,0,0,15.79,1
3,4,8,2,0,0,52.18,1
4,5,8,2,0,0,39.23,1
5,6,8,3,0,0,1.03,1
6,7,8,3,0,0,0.97,1
7,8,8,3,0,0,9.83,1
8,9,8,3,0,0,7.26,1
9,10,8,3,0,0,8.3,1
10,11,8,3,0,0,10.24,1
11,12,8,4,0,0,15.61,1
12,13,8,4,0,0,20.1,1
13,14,8,4,0,0,0.89,1
14,15,8,4,0,0,20.94,1
15,16,8,4,0,0,1.04,1
16,17,8,4,0,0,1.36,1
17,18,8,5,0,1,6.91,1
18,19,8,5,0,1,24.42,1
19,20,8,5,0,1,1.11,1
20,21,8,5,0,1,1.82,1
21,22,8,5,0,1,21.74,1
22,23,8,5,0,1,40.81,1
23,24,8,5,0,1,11.2,1
24,25,8,5,0,1,1.94,1
25,26,8,6,0,1,26.72,1
26,27,8,7,0,1,3.18,1
27,28,8,7,0,1,7.16,1
28,29,8,7,0,1,27.29,1
29,30,8,7,0,1,2.13,1
30,31,8,8,0,1,29.35,1
31,32,8,9,1,0,3.62,1
32,33,8,9,1,0,19.51,1
33,34,8,9,1,0,32.77,1
34,35,8,10,1,0,19.15,1
35,36,8,10,1,0,8.49,1
36,37,8,10,1,0,9.57,1
37,38,8,11,1,0,22.53,1
38,39,8,12,1,0,30.93,1
39,40,8,13,1,1,0.8,1
40,41,8,13,1,1,17.05,1
41,42,8,14,1,1,0.68,1
42,43,8,14,1,1,1.06,1
43,44,8,14,1,1,13.86,1
44,45,8,14,1,1,0.81,1
45,46,8,14,1,1,13.81,1
46,47,8,14,1,1,76.88,1
47,48,8,14,1,1,0.56,1
48,49,8,14,1,1,0.53,1
49,50,8,14,1,1,12.97,1
50,51,8,15,1,1,1.28,1
51,52,8,15,1,1,1.31,1
52,53,8,15,1,1,26.81,1
53,54,8,15,1,1,20.9,1
54,55,8,15,1,1,0.99,1
55,56,8,15,1,1,14.38,1
56,57,8,16,1,1,3.18,1
57,58,8,16,1,1,37.22,1
58,59,8,16,1,1,84.96,1
59,60,9,17,0,0,0.91,1
60,61,9,17,0,0,0.89,1
61,62,9,17,0,0,1.53,1
62,63,9,17,0,0,2.92,1
63,64,9,17,0,0,25.4,1
64,65,9,18,0,0,23.44,1
65,66,9,18,0,0,7.01,1
66,67,9,18,0,0,22.07,1
67,68,9,19,0,0,20.64,1
68,69,9,21,0,1,0.88,1
69,70,9,21,0,1,0.74,1
70,71,9,21,0,1,1.38,1
71,72,9,21,0,1,3.17,1
72,73,9,21,0,1,5.84,1
73,74,9,21,0,1,8.58,1
74,75,9,21,0,1,19.85,1
75,76,9,22,0,1,4.11,1
76,77,9,22,0,1,10.9,1
77,78,9,22,0,1,8.64,1
78,79,9,23,0,1,20.03,1
79,80,9,24,0,1,6.11,1
80,81,9,25,1,0,60.1,1
81,82,9,26,1,0,15.81,1
82,83,9,26,1,0,50.11,1
83,84,9,27,1,0,3.94,1
84,85,9,27,1,0,4.97,1
85,86,9,27,1,0,18.9,1
86,87,9,27,1,0,5.58,1
87,88,9,27,1,0,4.4,1
88,89,9,27,1,0,6.36,1
89,90,9,27,1,0,7.58,1
90,91,9,27,1,0,3.94,1
91,92,9,28,1,0,34.26,1
92,93,9,29,1,1,1.53,1
93,94,9,29,1,1,61.82,1
94,95,9,29,1,1,0.92,1
95,96,9,29,1,1,25.77,1
96,97,9,29,1,1,25.38,1
97,98,9,30,1,1,2.35,1
98,99,9,30,1,1,0.59,1
99,100,9,30,1,1,0.83,1
100,101,9,30,1,1,0.75,1
101,102,9,30,1,1,4.03,1
102,103,9,30,1,1,1.39,1
103,104,9,30,1,1,49.86,1
104,105,9,30,1,1,37.29,1
105,106,9,30,1,1,0.79,1
106,107,9,30,1,1,0.37,1
107,108,9,30,1,1,0.27,1
108,109,9,30,1,1,0.99,1
109,110,9,30,1,1,7.62,1
110,111,9,30,1,1,3.1,1
111,112,9,30,1,1,0.22,1
112,113,9,30,1,1,1.62,1
113,114,9,30,1,1,62.04,1
114,115,9,31,1,1,6.89,1
115,116,9,31,1,1,11.93,1
116,117,9,31,1,1,59.69,1
117,118,9,32,1,1,28.94,1
118,119,9,32,1,1,23.57,1
119,120,10,33,0,0,7.95,1
120,121,10,33,0,0,0.67,1
121,122,10,33,0,0,0.69,1
122,123,10,33,0,0,1.2,1
123,124,10,33,0,0,1.12,1
124,125,10,33,0,0,1.59,1
125,126,10,33,0,0,1.72,1
126,127,10,33,0,0,2.03,1
127,128,10,33,0,0,0.75,1
128,129,10,33,0,0,2.2,1
129,130,10,34,0,0,0.68,1
130,131,10,34,0,0,1.0,1
131,132,10,34,0,0,10.35,1
132,133,10,34,0,0,3.3,1
133,134,10,35,0,0,8.57,1
134,135,10,37,0,1,2.7,1
135,136,10,37,0,1,10.54,1
136,137,10,37,0,1,0.66,1
137,138,10,37,0,1,1.08,1
138,139,10,37,0,1,4.04,1
139,140,10,37,0,1,1.84,1
140,141,10,37,0,1,0.92,1
141,142,10,38,0,1,2.65,1
142,143,10,38,0,1,0.49,1
143,144,10,38,0,1,4.98,1
144,145,10,38,0,1,0.98,1
145,146,10,38,0,1,0.34,1
146,147,10,39,0,1,0.24,1
147,148,10,39,0,1,0.2,1
148,149,10,39,0,1,3.92,1
149,150,10,39,0,1,3.78,1
150,151,10,40,0,1,3.62,1
151,152,10,40,0,1,0.98,1
152,153,10,40,0,1,1.27,1
153,154,10,40,0,1,0.7,1
154,155,10,40,0,1,0.84,1
155,156,10,40,0,1,0.15,1
156,157,10,40,0,1,1.4,1
157,158,10,40,0,1,5.31,1
158,159,10,40,0,1,0.62,1
159,160,10,40,0,1,0.54,1
160,161,10,40,0,1,2.99,1
161,162,10,41,1,0,1.54,1
162,163,10,41,1,0,0.16,1
163,164,10,41,1,0,2.13,1
164,165,10,41,1,0,11.02,1
165,166,10,42,1,0,0.26,1
166,167,10,42,1,0,4.26,1
167,168,10,42,1,0,1.16,1
168,169,10,42,1,0,1.11,1
169,170,10,42,1,0,10.24,1
170,171,10,42,1,0,1.23,1
171,172,10,42,1,0,3.21,1
172,173,10,42,1,0,1.43,1
173,174,10,42,1,0,13.31,1
174,175,10,42,1,0,0.66,1
175,176,10,42,1,0,2.17,1
176,177,10,43,1,0,1.68,1
177,178,10,43,1,0,0.88,1
178,179,10,43,1,0,7.43,1
179,180,10,43,1,0,0.41,1
180,181,10,44,1,0,2.69,1
181,182,10,44,1,0,1.61,1
182,183,10,44,1,0,1.13,1
183,184,10,44,1,0,5.04,1
184,185,10,44,1,0,0.63,1
185,186,10,44,1,0,0.93,1
186,187,10,44,1,0,8.01,1
187,188,10,44,1,0,2.03,1
188,189,10,44,1,0,0.63,1
189,190,10,44,1,0,2.25,1
190,191,10,44,1,0,0.97,1
191,192,10,44,1,0,0.92,1
192,193,10,44,1,0,1.14,1
193,194,10,44,1,0,1.53,1
194,195,10,44,1,0,2.83,1
195,196,10,44,1,0,0.52,1
196,197,10,44,1,0,2.85,1
197,198,10,45,1,1,2.88,1
198,199,10,45,1,1,0.87,1
199,200,10,45,1,1,4.22,1
200,201,10,45,1,1,12.05,1
201,202,10,46,1,1,2.84,1
202,203,10,46,1,1,3.28,1
203,204,10,46,1,1,1.13,1
204,205,10,46,1,1,0.94,1
205,206,10,46,1,1,11.34,1
206,207,10,46,1,1,0.5,1
207,208,10,46,1,1,1.68,1
208,209,10,46,1,1,0.43,1
209,210,10,46,1,1,0.79,1
210,211,10,46,1,1,3.7,1
211,212,10,47,1,1,1.14,1
212,213,10,47,1,1,9.66,1
213,214,10,47,1,1,7.28,1
214,215,10,47,1,1,0.13,1
215,216,10,47,1,1,2.45,1
216,217,10,47,1,1,0.94,1
217,218,10,47,1,1,4.33,1
218,219,10,47,1,1,0.43,1
219,220,10,48,1,1,3.89,1
220,221,10,48,1,1,3.91,1
221,222,10,48,1,1,1.14,1
222,223,10,48,1,1,8.23,1
223,224,10,48,1,1,1.97,1
224,225,10,48,1,1,4.44,1
225,226,12,49,0,0,0.82,1
226,227,12,49,0,0,13.12,1
227,228,12,50,0,0,4.25,1
228,229,12,50,0,0,6.13,1
229,230,12,50,0,0,1.08,1
230,231,12,50,0,0,1.23,1
231,232,12,50,0,0,2.94,1
232,233,12,50,0,0,0.8,1
233,234,12,51,0,0,0.65,1
234,235,12,51,0,0,0.53,1
235,236,12,51,0,0,4.11,1
236,237,12,51,0,0,11.36,1
237,238,12,51,0,0,19.26,1
238,239,12,52,0,0,3.35,1
239,240,12,52,0,0,2.51,1
240,241,12,52,0,0,0.7,1
241,242,12,53,0,1,3.16,1
242,243,12,53,0,1,1.1,1
243,244,12,53,0,1,13.76,1
244,245,12,53,0,1,1.33,1
245,246,12,53,0,1,10.92,1
246,247,12,54,0,1,0.92,1
247,248,12,54,0,1,6.34,1
248,249,12,54,0,1,0.88,1
249,250,12,54,0,1,6.62,1
250,251,12,54,0,1,0.76,1
251,252,12,55,0,1,3.58,1
252,253,12,56,0,1,10.16,1
253,254,12,56,0,1,0.85,1
254,255,12,56,0,1,0.69,1
255,256,12,56,0,1,8.84,1
256,257,12,56,0,1,4.47,1
257,258,12,56,0,1,0.26,1
258,259,12,56,0,1,2.62,1
259,260,12,56,0,1,0.73,1
260,261,12,56,0,1,15.95,1
261,262,12,57,1,0,5.73,1
262,263,12,57,1,0,10.49,1
263,264,12,57,1,0,5.04,1
264,265,12,57,1,0,2.43,1
265,266,12,58,1,0,19.97,1
266,267,12,58,1,0,1.91,1
267,268,12,58,1,0,19.34,1
268,269,12,58,1,0,84.89,1
269,270,12,58,1,0,1.72,1
270,271,12,59,1,0,2.46,1
271,272,12,59,1,0,0.71,1
272,273,12,59,1,0,0.4,1
273,274,12,59,1,0,6.69,1
274,275,12,59,1,0,42.35,1
275,276,12,60,1,0,14.59,1
276,277,12,60,1,0,21.89,1
277,278,12,60,1,0,8.72,1
278,279,12,60,1,0,0.57,1
279,280,12,60,1,0,16.02,1
280,281,12,61,1,1,10.42,1
281,282,12,61,1,1,0.71,1
282,283,12,61,1,1,1.39,1
283,284,12,61,1,1,2.44,1
284,285,12,61,1,1,24.69,1
285,286,12,62,1,1,5.47,1
286,287,12,62,1,1,2.44,1
287,288,12,62,1,1,19.47,1
288,289,12,62,1,1,2.69,1
289,290,12,62,1,1,3.28,1
290,291,12,63,1,1,13.63,1
291,292,12,63,1,1,1.66,1
292,293,12,64,1,1,5.26,1
293,294,12,64,1,1,9.48,1
294,295,12,64,1,1,0.37,1
295,296,12,64,1,1,0.45,1
296,297,12,64,1,1,4.81,1
297,298,12,64,1,1,1.32,1
298,299,12,64,1,1,4.5,1
299,300,13,65,0,0,1.07,1
300,301,13,65,0,0,0.58,1
301,302,13,66,0,0,0.23,1
302,303,13,66,0,0,1.24,1
303,304,13,66,0,0,0.23,1
304,305,13,66,0,0,0.48,1
305,306,13,66,0,0,0.62,1
306,307,13,66,0,0,0.78,1
307,308,13,66,0,0,0.57,1
308,309,13,67,0,0,0.64,1
309,310,13,67,0,0,1.32,1
310,311,13,67,0,0,0.23,1
311,312,13,68,0,0,0.79,1
312,313,13,68,0,0,0.43,1
313,314,13,68,0,0,0.44,1
314,315,13,68,0,0,0.85,1
315,316,13,68,0,0,0.63,1
316,317,13,69,0,1,0.46,1
317,318,13,69,0,1,1.58,1
318,319,13,69,0,1,0.63,1
319,320,13,69,0,1,0.77,1
320,321,13,69,0,1,0.68,1
321,322,13,69,0,1,1.09,1
322,323,13,69,0,1,0.26,1
323,324,13,70,0,1,0.16,1
324,325,13,70,0,1,1.1,1
325,326,13,70,0,1,0.96,1
326,327,13,71,0,1,0.22,1
327,328,13,71,0,1,0.22,1
328,329,13,71,0,1,0.78,1
329,330,13,71,0,1,1.03,1
330,331,13,72,0,1,0.45,1
331,332,13,72,0,1,0.54,1
332,333,13,72,0,1,3.22,1
333,334,13,73,1,0,0.93,1
334,335,13,73,1,0,17.74,1
335,336,13,73,1,0,7.08,1
336,337,13,73,1,0,0.58,1
337,338,13,74,1,0,0.45,1
338,339,13,74,1,0,0.3,1
339,340,13,74,1,0,5.21,1
340,341,13,75,1,0,0.74,1
341,342,13,75,1,0,0.86,1
342,343,13,76,1,0,4.74,1
343,344,13,76,1,0,0.06,1
344,345,13,76,1,0,4.96,1
345,346,13,76,1,0,1.49,1
346,347,13,77,1,1,0.76,1
347,348,13,77,1,1,0.67,1
348,349,13,77,1,1,0.49,1
349,350,13,77,1,1,0.71,1
350,351,13,78,1,1,0.73,1
351,352,13,78,1,1,0.93,1
352,353,13,78,1,1,2.18,1
353,354,13,78,1,1,1.84,1
354,355,13,78,1,1,1.64,1
355,356,13,78,1,1,2.93,1
356,357,13,78,1,1,4.09,1
357,358,13,78,1,1,0.8,1
358,359,13,78,1,1,1.3,1
359,360,13,79,1,1,1.89,1
360,361,13,79,1,1,1.82,1
361,362,13,79,1,1,4.76,1
362,363,13,79,1,1,0.46,1
363,364,13,79,1,1,3.38,1
364,365,13,79,1,1,1.69,1
365,366,13,79,1,1,1.49,1
366,367,13,79,1,1,1.21,1
367,368,13,79,1,1,8.05,1
368,369,13,79,1,1,2.31,1
369,370,13,79,1,1,1.87,1
370,371,13,79,1,1,0.47,1
371,372,13,80,1,1,1.42,1
372,373,13,80,1,1,7.22,1
373,374,13,80,1,1,2.48,1
374,375,13,80,1,1,0.21,1
375,376,13,80,1,1,0.37,1
376,377,15,81,0,0,4.86,1
377,378,15,81,0,0,0.57,1
378,379,15,81,0,0,5.07,1
379,380,15,81,0,0,7.46,1
380,381,15,81,0,0,0.83,1
381,382,15,82,0,0,0.54,1
382,383,15,82,0,0,0.83,1
383,384,15,82,0,0,0.44,1
384,385,15,82,0,0,16.13,1
385,386,15,83,0,0,1.3,1
386,387,15,83,0,0,0.44,1
387,388,15,83,0,0,25.66,1
388,389,15,83,0,0,0.47,1
389,390,15,83,0,0,0.27,1
390,391,15,83,0,0,7.5,1
391,392,15,84,0,0,21.25,1
392,393,15,84,0,0,8.59,1
393,394,15,85,0,1,0.42,1
394,395,15,85,0,1,0.64,1
395,396,15,85,0,1,0.5,1
396,397,15,85,0,1,0.65,1
397,398,15,85,0,1,1.67,1
398,399,15,85,0,1,0.14,1
399,400,15,85,0,1,19.23,1
400,401,15,85,0,1,13.73,1
401,402,15,85,0,1,4.27,1
402,403,15,87,0,1,1.14,1
403,404,15,87,0,1,0.29,1
404,405,15,88,0,1,18.81,1
405,406,15,88,0,1,0.45,1
406,407,15,88,0,1,0.13,1
407,408,15,88,0,1,23.87,1
408,409,15,89,1,0,75.24,1
409,410,15,89,1,0,1.51,1
410,411,15,89,1,0,8.05,1
411,412,15,90,1,0,1.03,1
412,413,15,90,1,0,2.35,1
413,414,15,90,1,0,13.38,1
414,415,15,90,1,0,8.82,1
415,416,15,90,1,0,0.5,1
416,417,15,90,1,0,0.58,1
417,418,15,90,1,0,3.08,1
418,419,15,90,1,0,0.46,1
419,420,15,90,1,0,0.65,1
420,421,15,90,1,0,1.02,1
421,422,15,90,1,0,0.32,1
422,423,15,90,1,0,9.78,1
423,424,15,91,1,0,0.83,1
424,425,15,91,1,0,1.73,1
425,426,15,91,1,0,0.43,1
426,427,15,91,1,0,8.12,1
427,428,15,92,1,0,33.07,1
428,429,15,92,1,0,39.56,1
429,430,15,92,1,0,4.63,1
430,431,15,92,1,0,2.42,1
431,432,15,92,1,0,3.07,1
432,433,15,93,1,1,2.77,1
433,434,15,93,1,1,1.37,1
434,435,15,93,1,1,44.95,1
435,436,15,93,1,1,6.41,1
436,437,15,93,1,1,13.81,1
437,438,15,93,1,1,17.22,1
438,439,15,94,1,1,0.72,1
439,440,15,94,1,1,7.23,1
440,441,15,94,1,1,2.97,1
441,442,15,94,1,1,27.99,1
442,443,15,94,1,1,0.86,1
443,444,15,94,1,1,0.48,1
444,445,15,94,1,1,0.76,1
445,446,15,94,1,1,6.58,1
446,447,15,94,1,1,2.2,1
447,448,15,94,1,1,2.74,1
448,449,15,94,1,1,57.4,1
449,450,15,94,1,1,0.64,1
450,451,15,94,1,1,0.13,1
451,452,15,94,1,1,1.86,1
452,453,15,94,1,1,0.75,1
453,454,15,94,1,1,0.5,1
454,455,15,94,1,1,13.32,1
455,456,15,95,1,1,13.26,1
456,457,15,95,1,1,0.96,1
457,458,15,95,1,1,0.39,1
458,459,15,95,1,1,0.28,1
459,460,15,95,1,1,0.25,1
460,461,15,95,1,1,5.78,1
461,462,15,95,1,1,0.68,1
462,463,15,95,1,1,0.63,1
463,464,15,95,1,1,0.25,1
464,465,15,95,1,1,0.66,1
465,466,15,95,1,1,1.01,1
466,467,15,95,1,1,0.55,1
467,468,15,95,1,1,7.67,1
468,469,15,96,1,1,0.48,1
469,470,15,96,1,1,0.46,1
470,471,15,96,1,1,0.27,1
471,472,15,96,1,1,15.8,1
472,473,15,96,1,1,2.67,1
473,474,15,96,1,1,0.69,1
474,475,15,96,1,1,0.75,1
475,476,15,96,1,1,2.77,1
476,477,15,96,1,1,8.71,1
477,478,15,96,1,1,0.85,1
478,479,16,97,0,0,0.58,1
479,480,16,97,0,0,1.11,1
480,481,16,97,0,0,0.34,1
481,482,16,97,0,0,9.86,1
482,483,16,97,0,0,0.51,1
483,484,16,97,0,0,0.37,1
484,485,16,97,0,0,0.58,1
485,486,16,97,0,0,2.46,1
486,487,16,98,0,0,0.34,1
487,488,16,98,0,0,0.29,1
488,489,16,98,0,0,5.71,1
489,490,16,98,0,0,3.93,1
490,491,16,98,0,0,15.08,1
491,492,16,99,0,0,1.79,1
492,493,16,99,0,0,1.66,1
493,494,16,99,0,0,0.5,1
494,495,16,99,0,0,6.29,1
495,496,16,100,0,0,2.69,1
496,497,16,101,0,1,0.31,1
497,498,16,101,0,1,0.78,1
498,499,16,101,0,1,0.54,1
499,500,16,101,0,1,5.01,1
500,501,16,101,0,1,0.36,1
501,502,16,101,0,1,0.67,1
502,503,16,101,0,1,6.78,1
503,504,16,101,0,1,1.91,1
504,505,16,101,0,1,11.82,1
505,506,16,102,0,1,9.4,1
506,507,16,102,0,1,1.09,1
507,508,16,102,0,1,11.62,1
508,509,16,102,0,1,3.04,1
509,510,16,103,0,1,3.02,1
510,511,16,103,0,1,13.15,1
511,512,16,103,0,1,0.31,1
512,513,16,103,0,1,6.94,1
513,514,16,103,0,1,9.43,1
514,515,16,104,0,1,0.54,1
515,516,16,104,0,1,0.61,1
516,517,16,104,0,1,0.48,1
517,518,16,104,0,1,0.48,1
518,519,16,104,0,1,0.19,1
519,520,16,104,0,1,7.26,1
520,521,16,104,0,1,5.46,1
521,522,16,104,0,1,1.45,1
522,523,16,104,0,1,24.4,1
523,524,16,105,1,0,0.62,1
524,525,16,105,1,0,21.09,1
525,526,16,105,1,0,0.68,1
526,527,16,105,1,0,12.58,1
527,528,16,106,1,0,1.21,1
528,529,16,106,1,0,0.91,1
529,530,16,106,1,0,0.3,1
530,531,16,106,1,0,1.06,1
531,532,16,106,1,0,0.99,1
532,533,16,106,1,0,6.88,1
533,534,16,107,1,0,3.49,1
534,535,16,107,1,0,8.73,1
535,536,16,108,1,0,0.56,1
536,537,16,108,1,0,11.54,1
537,538,16,108,1,0,0.73,1
538,539,16,108,1,0,1.6,1
539,540,16,108,1,0,6.1,1
540,541,16,108,1,0,0.62,1
541,542,16,108,1,0,13.44,1
542,543,16,109,1,1,5.37,1
543,544,16,109,1,1,12.39,1
544,545,16,109,1,1,5.7,1
545,546,16,110,1,1,3.02,1
546,547,16,110,1,1,6.35,1
547,548,16,110,1,1,11.13,1
548,549,16,110,1,1,0.51,1
549,550,16,110,1,1,3.94,1
550,551,16,110,1,1,0.5,1
551,552,16,110,1,1,0.45,1
552,553,16,110,1,1,3.37,1
553,554,16,110,1,1,1.89,1
554,555,16,110,1,1,1.74,1
555,556,16,110,1,1,0.22,1
556,557,16,110,1,1,0.74,1
557,558,16,110,1,1,0.46,1
558,559,16,110,1,1,0.37,1
559,560,16,110,1,1,1.81,1
560,561,16,110,1,1,7.48,1
561,562,16,110,1,1,15.82,1
562,563,16,111,1,1,0.56,1
563,564,16,111,1,1,10.98,1
564,565,16,111,1,1,0.55,1
565,566,16,111,1,1,1.53,1
566,567,16,111,1,1,2.68,1
567,568,16,111,1,1,0.84,1
568,569,16,111,1,1,5.0,1
569,570,16,111,1,1,13.54,1
570,571,16,111,1,1,0.93,1
571,572,16,111,1,1,0.46,1
572,573,16,111,1,1,0.87,1
573,574,16,111,1,1,0.79,1
574,575,16,112,1,1,2.08,1
575,576,16,112,1,1,4.67,1
576,577,16,112,1,1,0.42,1
577,578,16,112,1,1,0.74,1
578,579,16,112,1,1,0.77,1
579,580,16,112,1,1,12.12,1
580,581,16,112,1,1,13.72,1
581,582,17,113,0,0,2.09,1
582,583,17,113,0,0,0.84,1
583,584,17,113,0,0,0.74,1
584,585,17,113,0,0,0.53,1
585,586,17,113,0,0,1.14,1
586,587,17,114,0,0,1.29,1
587,588,17,114,0,0,0.97,1
588,589,17,114,0,0,0.62,1
589,590,17,114,0,0,0.61,1
590,591,17,114,0,0,1.07,1
591,592,17,114,0,0,0.64,1
592,593,17,114,0,0,0.48,1
593,594,17,114,0,0,0.76,1
594,595,17,114,0,0,7.25,1
595,596,17,114,0,0,7.89,1
596,597,17,115,0,0,1.31,1
597,598,17,115,0,0,0.86,1
598,599,17,115,0,0,0.84,1
599,600,17,115,0,0,0.7,1
600,601,17,115,0,0,1.48,1
601,602,17,115,0,0,0.81,1
602,603,17,115,0,0,2.96,1
603,604,17,116,0,0,0.76,1
604,605,17,116,0,0,9.26,1
605,606,17,116,0,0,1.55,1
606,607,17,116,0,0,3.09,1
607,608,17,117,0,1,0.91,1
608,609,17,117,0,1,1.1,1
609,610,17,117,0,1,0.84,1
610,611,17,117,0,1,2.8,1
611,612,17,117,0,1,0.66,1
612,613,17,117,0,1,0.74,1
613,614,17,117,0,1,0.52,1
614,615,17,117,0,1,0.89,1
615,616,17,117,0,1,2.6,1
616,617,17,118,0,1,1.28,1
617,618,17,118,0,1,3.23,1
618,619,17,118,0,1,3.4,1
619,620,17,118,0,1,9.96,1
620,621,17,119,0,1,0.71,1
621,622,17,119,0,1,0.83,1
622,623,17,119,0,1,0.89,1
623,624,17,119,0,1,1.66,1
624,625,17,119,0,1,0.7,1
625,626,17,119,0,1,1.15,1
626,627,17,119,0,1,9.8,1
627,628,17,120,0,1,1.53,1
628,629,17,120,0,1,0.58,1
629,630,17,120,0,1,0.8,1
630,631,17,120,0,1,0.5,1
631,632,17,120,0,1,0.69,1
632,633,17,120,0,1,0.86,1
633,634,17,121,1,0,1.36,1
634,635,17,121,1,0,6.12,1
635,636,17,121,1,0,1.06,1
636,637,17,121,1,0,13.2,1
637,638,17,122,1,0,0.61,1
638,639,17,122,1,0,33.96,1
639,640,17,122,1,0,0.76,1
640,641,17,123,1,0,1.25,1
641,642,17,123,1,0,1.59,1
642,643,17,123,1,0,13.18,1
643,644,17,123,1,0,0.41,1
644,645,17,123,1,0,10.66,1
645,646,17,123,1,0,15.56,1
646,647,17,123,1,0,1.21,1
647,648,17,123,1,0,0.78,1
648,649,17,123,1,0,0.97,1
649,650,17,123,1,0,8.69,1
650,651,17,123,1,0,0.68,1
651,652,17,123,1,0,0.75,1
652,653,17,123,1,0,5.11,1
653,654,17,123,1,0,0.69,1
654,655,17,124,1,0,0.48,1
655,656,17,124,1,0,1.14,1
656,657,17,124,1,0,5.32,1
657,658,17,124,1,0,1.05,1
658,659,17,124,1,0,0.54,1
659,660,17,124,1,0,0.31,1
660,661,17,124,1,0,0.96,1
661,662,17,124,1,0,1.99,1
662,663,17,124,1,0,0.86,1
663,664,17,124,1,0,0.65,1
664,665,17,124,1,0,4.43,1
665,666,17,125,1,1,1.18,1
666,667,17,125,1,1,1.91,1
667,668,17,125,1,1,0.59,1
668,669,17,125,1,1,2.18,1
669,670,17,125,1,1,0.53,1
670,671,17,126,1,1,1.08,1
671,672,17,126,1,1,0.89,1
672,673,17,127,1,1,5.7,1
673,674,17,127,1,1,0.66,1
674,675,17,127,1,1,0.81,1
675,676,17,127,1,1,15.03,1
676,677,17,127,1,1,0.99,1
677,678,17,128,1,1,33.7,1
678,679,17,128,1,1,0.45,1
679,680,17,128,1,1,4.65,1
680,681,17,128,1,1,0.6,1
681,682,17,128,1,1,6.06,1
682,683,17,128,1,1,0.52,1
683,684,17,128,1,1,0.52,1
684,685,17,128,1,1,7.88,1
685,686,18,129,0,0,3.61,1
686,687,18,129,0,0,11.39,1
687,688,18,130,0,0,0.56,1
688,689,18,130,0,0,38.59,1
689,690,18,131,0,0,1.91,1
690,691,18,131,0,0,1.58,1
691,692,18,131,0,0,11.22,1
692,693,18,131,0,0,1.7,1
693,694,18,131,0,0,3.08,1
694,695,18,132,0,0,23.21,1
695,696,18,132,0,0,44.15,1
696,697,18,133,0,1,1.14,1
697,698,18,133,0,1,2.43,1
698,699,18,133,0,1,13.73,1
699,700,18,133,0,1,1.11,1
700,701,18,133,0,1,0.86,1
701,702,18,133,0,1,35.28,1
702,703,18,133,0,1,41.37,1
703,704,18,133,0,1,21.54,1
704,705,18,134,0,1,10.73,1
705,706,18,134,0,1,6.88,1
706,707,18,135,0,1,40.61,1
707,708,18,136,0,1,2.94,1
708,709,18,136,0,1,1.62,1
709,710,18,136,0,1,18.27,1
710,711,18,136,0,1,15.14,1
711,712,18,137,1,0,1.39,1
712,713,18,137,1,0,0.8,1
713,714,18,137,1,0,0.21,1
714,715,18,137,1,0,18.75,1
715,716,18,137,1,0,17.81,1
716,717,18,137,1,0,7.73,1
717,718,18,138,1,0,1.05,1
718,719,18,138,1,0,15.94,1
719,720,18,138,1,0,6.18,1
720,721,18,138,1,0,38.81,1
721,722,18,139,1,0,4.28,1
722,723,18,139,1,0,11.66,1
723,724,18,139,1,0,1.54,1
724,725,18,139,1,0,37.09,1
725,726,18,140,1,0,13.78,1
726,727,18,141,1,1,2.36,1
727,728,18,141,1,1,0.22,1
728,729,18,141,1,1,22.4,1
729,730,18,142,1,1,10.6,1
730,731,18,142,1,1,24.36,1
731,732,18,143,1,1,30.25,1
732,733,18,144,1,1,54.39,1
733,734,19,145,0,0,7.31,1
734,735,19,145,0,0,39.32,1
735,736,19,146,0,0,20.56,1
736,737,19,146,0,0,7.68,1
737,738,19,146,0,0,16.68,1
738,739,19,147,0,0,10.45,1
739,740,19,148,0,0,7.78,1
740,741,19,148,0,0,30.96,1
741,742,19,149,0,1,6.97,1
742,743,19,149,0,1,0.87,1
743,744,19,149,0,1,0.26,1
744,745,19,149,0,1,12.68,1
745,746,19,150,0,1,8.76,1
746,747,19,150,0,1,3.89,1
747,748,19,150,0,1,0.92,1
748,749,19,150,0,1,10.88,1
749,750,19,150,0,1,8.9,1
750,751,19,151,0,1,15.19,1
751,752,19,152,0,1,0.21,1
752,753,19,153,1,0,12.45,1
753,754,19,153,1,0,21.09,1
754,755,19,153,1,0,11.93,1
755,756,19,153,1,0,0.99,1
756,757,19,154,1,0,0.76,1
757,758,19,154,1,0,3.65,1
758,759,19,154,1,0,5.01,1
759,760,19,155,1,0,4.94,1
760,761,19,155,1,0,10.19,1
761,762,19,155,1,0,10.0,1
762,763,19,155,1,0,1.42,1
763,764,19,155,1,0,4.84,1
764,765,19,156,1,0,0.12,1
765,766,19,156,1,0,0.5,1
766,767,19,157,1,1,17.37,1
767,768,19,158,1,1,12.83,1
768,769,19,158,1,1,13.06,1
769,770,19,158,1,1,5.93,1
770,771,19,158,1,1,11.53,1
771,772,19,159,1,1,26.62,1
772,773,19,159,1,1,0.0,1
773,774,19,160,1,1,4.91,1
774,775,19,160,1,1,25.39,1
775,776,19,160,1,1,2.97,1
776,777,19,160,1,1,30.0,1
777,778,20,161,0,0,15.78,1
778,779,20,162,0,0,3.19,1
779,780,20,162,0,0,3.37,1
780,781,20,162,0,0,0.43,1
781,782,20,162,0,0,4.05,1
782,783,20,162,0,0,20.33,1
783,784,20,163,0,0,0.96,1
784,785,20,163,0,0,28.04,1
785,786,20,164,0,0,41.11,1
786,787,20,164,0,0,12.17,1
787,788,20,164,0,0,13.24,1
788,789,20,165,0,1,21.36,1
789,790,20,166,0,1,30.19,1
790,791,20,167,0,1,13.72,1
791,792,20,168,0,1,1.7,1
792,793,20,169,1,0,13.95,1
793,794,20,170,1,0,30.21,1
794,795,20,172,1,0,1.98,1
795,796,20,173,1,1,1.09,1
796,797,20,173,1,1,0.6,1
797,798,20,173,1,1,1.71,1
798,799,20,173,1,1,4.64,1
799,800,20,173,1,1,5.9,1
800,801,20,174,1,1,1.76,1
801,802,20,174,1,1,19.18,1
802,803,20,174,1,1,4.03,1
803,804,20,174,1,1,0.55,1
804,805,20,174,1,1,2.14,1
805,806,20,174,1,1,9.84,1
806,807,20,174,1,1,1.84,1
807,808,20,175,1,1,13.5,1
808,809,20,175,1,1,11.25,1
809,810,20,175,1,1,0.87,1
810,811,20,175,1,1,0.92,1
811,812,20,175,1,1,19.96,1
812,813,20,176,1,1,14.66,1
813,814,20,176,1,1,32.71,1
814,815,21,177,0,0,2.14,1
815,816,21,177,0,0,8.24,1
816,817,21,177,0,0,1.32,1
817,818,21,178,0,0,0.54,1
818,819,21,178,0,0,3.47,1
819,820,21,178,0,0,0.94,1
820,821,21,178,0,0,7.6,1
821,822,21,178,0,0,6.61,1
822,823,21,178,0,0,1.81,1
823,824,21,179,0,0,0.83,1
824,825,21,179,0,0,2.93,1
825,826,21,179,0,0,35.34,1
826,827,21,180,0,0,35.74,1
827,828,21,180,0,0,0.8,1
828,829,21,180,0,0,39.68,1
829,830,21,181,0,1,3.73,1
830,831,21,181,0,1,11.7,1
831,832,21,181,0,1,4.54,1
832,833,21,181,0,1,2.4,1
833,834,21,181,0,1,50.42,1
834,835,21,182,0,1,1.34,1
835,836,21,182,0,1,1.3,1
836,837,21,182,0,1,0.28,1
837,838,21,182,0,1,4.86,1
838,839,21,182,0,1,0.0,1
839,840,21,182,0,1,3.16,1
840,841,21,182,0,1,7.4,1
841,842,21,182,0,1,4.79,1
842,843,21,182,0,1,22.41,1
843,844,21,182,0,1,12.98,1
844,845,21,183,0,1,7.6,1
845,846,21,183,0,1,0.42,1
846,847,21,183,0,1,8.79,1
847,848,21,183,0,1,22.26,1
848,849,21,183,0,1,23.14,1
849,850,21,184,0,1,17.75,1
850,851,21,184,0,1,42.88,1
851,852,21,185,1,0,10.48,1
852,853,21,185,1,0,26.03,1
853,854,21,185,1,0,4.83,1
854,855,21,185,1,0,0.25,1
855,856,21,185,1,0,3.45,1
856,857,21,185,1,0,9.93,1
857,858,21,186,1,0,22.99,1
858,859,21,186,1,0,37.86,1
859,860,21,186,1,0,18.15,1
860,861,21,187,1,0,0.97,1
861,862,21,187,1,0,5.59,1
862,863,21,187,1,0,12.79,1
863,864,21,187,1,0,7.9,1
864,865,21,187,1,0,7.3,1
865,866,21,187,1,0,6.59,1
866,867,21,187,1,0,8.06,1
867,868,21,187,1,0,7.79,1
868,869,21,188,1,0,0.91,1
869,870,21,188,1,0,3.57,1
870,871,21,188,1,0,11.07,1
871,872,21,189,1,1,9.87,1
872,873,21,189,1,1,8.16,1
873,874,21,190,1,1,4.99,1
874,875,21,190,1,1,17.04,1
875,876,21,190,1,1,0.99,1
876,877,21,190,1,1,10.94,1
877,878,21,190,1,1,10.8,1
878,879,21,191,1,1,18.44,1
879,880,21,191,1,1,17.63,1
880,881,21,192,1,1,2.46,1
881,882,21,192,1,1,25.09,1
882,883,22,193,0,0,29.92,1
883,884,22,193,0,0,6.17,1
884,885,22,193,0,0,24.38,1
885,886,22,193,0,0,10.75,1
886,887,22,194,0,0,13.14,1
887,888,22,194,0,0,10.72,1
888,889,22,194,0,0,18.72,1
889,890,22,194,0,0,63.73,1
890,891,22,195,0,0,8.43,1
891,892,22,195,0,0,16.08,1
892,893,22,196,0,0,0.45,1
893,894,22,196,0,0,1.18,1
894,895,22,196,0,0,7.66,1
895,896,22,196,0,0,6.43,1
896,897,22,197,0,1,3.62,1
897,898,22,197,0,1,11.67,1
898,899,22,197,0,1,0.14,1
899,900,22,197,0,1,4.32,1
900,901,22,197,0,1,1.68,1
901,902,22,197,0,1,0.63,1
902,903,22,197,0,1,6.16,1
903,904,22,197,0,1,0.32,1
904,905,22,197,0,1,4.56,1
905,906,22,197,0,1,6.01,1
906,907,22,198,0,1,2.74,1
907,908,22,198,0,1,0.7,1
908,909,22,198,0,1,2.03,1
909,910,22,198,0,1,2.84,1
910,911,22,198,0,1,0.79,1
911,912,22,198,0,1,4.6,1
912,913,22,199,0,1,16.49,1
913,914,22,200,0,1,7.31,1
914,915,22,201,1,0,0.97,1
915,916,22,201,1,0,14.07,1
916,917,22,201,1,0,15.56,1
917,918,22,201,1,0,6.09,1
918,919,22,201,1,0,6.7,1
919,920,22,202,1,0,29.52,1
920,921,22,203,1,0,65.22,1
921,922,22,203,1,0,42.88,1
922,923,22,204,1,0,10.01,1
923,924,22,204,1,0,3.66,1
924,925,22,204,1,0,56.83,1
925,926,22,204,1,0,1.36,1
926,927,22,204,1,0,3.9,1
927,928,22,205,1,1,39.23,1
928,929,22,206,1,1,4.03,1
929,930,22,206,1,1,0.3,1
930,931,22,206,1,1,27.34,1
931,932,22,206,1,1,9.1,1
932,933,22,207,1,1,55.03,1
933,934,22,208,1,1,40.74,1
934,935,23,209,0,0,3.96,1
935,936,23,209,0,0,0.79,1
936,937,23,210,0,0,0.81,1
937,938,23,210,0,0,0.48,1
938,939,23,210,0,0,0.99,1
939,940,23,210,0,0,2.6,1
940,941,23,210,0,0,3.29,1
941,942,23,210,0,0,2.89,1
942,943,23,211,0,0,1.83,1
943,944,23,211,0,0,1.06,1
944,945,23,211,0,0,0.55,1
945,946,23,211,0,0,1.38,1
946,947,23,212,0,0,0.89,1
947,948,23,212,0,0,0.93,1
948,949,23,212,0,0,2.09,1
949,950,23,212,0,0,1.19,1
950,951,23,213,0,1,0.55,1
951,952,23,213,0,1,0.64,1
952,953,23,213,0,1,0.44,1
953,954,23,213,0,1,0.91,1
954,955,23,213,0,1,0.99,1
955,956,23,213,0,1,2.99,1
956,957,23,213,0,1,2.71,1
957,958,23,213,0,1,0.38,1
958,959,23,213,0,1,2.41,1
959,960,23,213,0,1,1.31,1
960,961,23,213,0,1,0.51,1
961,962,23,213,0,1,0.94,1
962,963,23,213,0,1,2.9,1
963,964,23,214,0,1,0.42,1
964,965,23,214,0,1,1.21,1
965,966,23,214,0,1,1.94,1
966,967,23,214,0,1,4.34,1
967,968,23,214,0,1,1.76,1
968,969,23,214,0,1,6.57,1
969,970,23,215,0,1,8.13,1
970,971,23,215,0,1,12.24,1
971,972,23,216,0,1,0.86,1
972,973,23,216,0,1,1.98,1
973,974,23,216,0,1,6.98,1
974,975,23,216,0,1,1.04,1
975,976,23,216,0,1,1.87,1
976,977,23,217,1,0,7.75,1
977,978,23,217,1,0,5.02,1
978,979,23,217,1,0,9.78,1
979,980,23,217,1,0,5.0,1
980,981,23,217,1,0,8.05,1
981,982,23,217,1,0,4.98,1
982,983,23,217,1,0,4.88,1
983,984,23,217,1,0,4.24,1
984,985,23,217,1,0,5.76,1
985,986,23,217,1,0,10.27,1
986,987,23,217,1,0,2.54,1
987,988,23,217,1,0,0.86,1
988,989,23,217,1,0,6.14,1
989,990,23,217,1,0,20.71,1
990,991,23,218,1,0,1.63,1
991,992,23,218,1,0,23.73,1
992,993,23,219,1,0,15.66,1
993,994,23,219,1,0,1.23,1
994,995,23,219,1,0,5.33,1
995,996,23,220,1,0,0.88,1
996,997,23,220,1,0,4.31,1
997,998,23,220,1,0,1.23,1
998,999,23,220,1,0,12.07,1
999,1000,23,221,1,1,0.95,1
1000,1001,23,221,1,1,53.27,1
1001,1002,23,221,1,1,12.6,1
1002,1003,23,221,1,1,7.8,1
1003,1004,23,222,1,1,3.19,1
1004,1005,23,222,1,1,25.73,1
1005,1006,23,222,1,1,3.05,1
1006,1007,23,222,1,1,0.31,1
1007,1008,23,222,1,1,7.17,1
1008,1009,23,222,1,1,0.75,1
1009,1010,23,222,1,1,0.91,1
1010,1011,23,222,1,1,8.88,1
1011,1012,23,222,1,1,3.57,1
1012,1013,23,222,1,1,9.93,1
1013,1014,23,222,1,1,3.61,1
1014,1015,23,222,1,1,1.39,1
1015,1016,23,222,1,1,17.74,1
1016,1017,23,223,1,1,0.39,1
1017,1018,23,223,1,1,6.0,1
1018,1019,23,223,1,1,5.71,1
1019,1020,23,223,1,1,24.73,1
1020,1021,23,224,1,1,26.84,1
1021,1022,23,224,1,1,9.47,1
1022,1023,23,224,1,1,2.29,1
1023,1024,23,224,1,1,1.73,1
1024,1025,23,224,1,1,21.69,1
1025,1026,24,225,0,0,43.37,1
1026,1027,24,226,0,0,116.84,1
1027,1028,24,227,0,0,44.95,1
1028,1029,24,228,0,0,1.73,1
1029,1030,24,228,0,0,47.85,1
1030,1031,24,229,0,1,43.97,1
1031,1032,24,229,0,1,5.87,1
1032,1033,24,230,0,1,19.15,1
1033,1034,24,231,0,1,4.2,1
1034,1035,24,231,0,1,33.02,1
1035,1036,24,231,0,1,4.21,1
1036,1037,24,231,0,1,0.6,1
1037,1038,24,231,0,1,47.28,1
1038,1039,24,231,0,1,9.29,1
1039,1040,24,231,0,1,20.67,1
1040,1041,24,232,0,1,19.35,1
1041,1042,24,233,1,0,1.02,1
1042,1043,24,233,1,0,63.16,1
1043,1044,24,234,1,0,72.74,1
1044,1045,24,235,1,0,36.52,1
1045,1046,24,236,1,0,59.46,1
1046,1047,24,237,1,1,41.11,1
1047,1048,24,238,1,1,45.79,1
1048,1049,24,238,1,1,48.41,1
1049,1050,24,239,1,1,63.6,1
1050,1051,24,239,1,1,3.01,1
1051,1052,24,239,1,1,51.37,1
1052,1053,24,240,1,1,63.13,1
1053,1054,25,241,0,0,39.26,1
1054,1055,25,241,0,0,17.5,1
1055,1056,25,242,0,0,33.8,1
1056,1057,25,242,0,0,27.35,1
1057,1058,25,243,0,0,21.86,1
1058,1059,25,244,0,0,19.67,1
1059,1060,25,245,0,1,66.1,1
1060,1061,25,245,0,1,35.54,1
1061,1062,25,246,0,1,25.95,1
1062,1063,25,246,0,1,9.09,1
1063,1064,25,247,0,1,22.27,1
1064,1065,25,248,0,1,5.62,1
1065,1066,25,249,1,0,1.62,1
1066,1067,25,249,1,0,35.94,1
1067,1068,25,249,1,0,10.5,1
1068,1069,25,249,1,0,7.18,1
1069,1070,25,250,1,0,28.29,1
1070,1071,25,250,1,0,23.09,1
1071,1072,25,250,1,0,46.77,1
1072,1073,25,251,1,0,11.25,1
1073,1074,25,251,1,0,33.12,1
1074,1075,25,252,1,0,36.02,1
1075,1076,25,253,1,1,20.88,1
1076,1077,25,253,1,1,16.94,1
1077,1078,25,253,1,1,30.14,1
1078,1079,25,254,1,1,2.43,1
1079,1080,25,254,1,1,76.81,1
1080,1081,25,254,1,1,3.18,1
1081,1082,25,254,1,1,17.25,1
1082,1083,25,254,1,1,36.66,1
1083,1084,25,255,1,1,66.97,1
1084,1085,25,256,1,1,1.25,1
1085,1086,25,256,1,1,1.02,1
1086,1087,25,256,1,1,2.32,1
1087,1088,26,257,0,0,4.59,1
1088,1089,26,257,0,0,1.26,1
1089,1090,26,258,0,0,13.3,1
1090,1091,26,258,0,0,5.98,1
1091,1092,26,258,0,0,1.13,1
1092,1093,26,258,0,0,0.89,1
1093,1094,26,258,0,0,3.94,1
1094,1095,26,259,0,0,0.49,1
1095,1096,26,259,0,0,0.59,1
1096,1097,26,259,0,0,0.62,1
1097,1098,26,259,0,0,1.84,1
1098,1099,26,260,0,0,2.06,1
1099,1100,26,260,0,0,2.29,1
1100,1101,26,260,0,0,0.43,1
1101,1102,26,260,0,0,0.8,1
1102,1103,26,260,0,0,8.89,1
1103,1104,26,260,0,0,6.13,1
1104,1105,26,260,0,0,16.61,1
1105,1106,26,261,0,1,9.68,1
1106,1107,26,261,0,1,0.62,1
1107,1108,26,261,0,1,0.87,1
1108,1109,26,261,0,1,0.83,1
1109,1110,26,261,0,1,1.06,1
1110,1111,26,261,0,1,2.29,1
1111,1112,26,262,0,1,1.59,1
1112,1113,26,262,0,1,10.08,1
1113,1114,26,263,0,1,1.37,1
1114,1115,26,263,0,1,0.22,1
1115,1116,26,263,0,1,0.7,1
1116,1117,26,263,0,1,5.26,1
1117,1118,26,264,0,1,0.75,1
1118,1119,26,264,0,1,1.03,1
1119,1120,26,264,0,1,0.51,1
1120,1121,26,264,0,1,0.58,1
1121,1122,26,264,0,1,1.17,1
1122,1123,26,264,0,1,0.76,1
1123,1124,26,264,0,1,20.29,1
1124,1125,26,265,1,0,2.98,1
1125,1126,26,265,1,0,22.07,1
1126,1127,26,265,1,0,1.09,1
1127,1128,26,266,1,0,0.78,1
1128,1129,26,266,1,0,1.15,1
1129,1130,26,266,1,0,1.23,1
1130,1131,26,266,1,0,0.85,1
1131,1132,26,266,1,0,20.33,1
1132,1133,26,266,1,0,2.65,1
1133,1134,26,266,1,0,0.44,1
1134,1135,26,266,1,0,1.39,1
1135,1136,26,266,1,0,10.39,1
1136,1137,26,266,1,0,0.29,1
1137,1138,26,266,1,0,1.89,1
1138,1139,26,266,1,0,1.01,1
1139,1140,26,266,1,0,12.33,1
1140,1141,26,267,1,0,1.01,1
1141,1142,26,267,1,0,2.32,1
1142,1143,26,267,1,0,4.68,1
1143,1144,26,268,1,0,5.51,1
1144,1145,26,268,1,0,0.6,1
1145,1146,26,268,1,0,0.48,1
1146,1147,26,268,1,0,0.88,1
1147,1148,26,268,1,0,1.16,1
1148,1149,26,268,1,0,0.94,1
1149,1150,26,268,1,0,0.75,1
1150,1151,26,268,1,0,0.7,1
1151,1152,26,268,1,0,0.77,1
1152,1153,26,268,1,0,0.75,1
1153,1154,26,269,1,1,12.32,1
1154,1155,26,269,1,1,3.21,1
1155,1156,26,269,1,1,9.61,1
1156,1157,26,269,1,1,1.26,1
1157,1158,26,269,1,1,18.57,1
1158,1159,26,270,1,1,0.32,1
1159,1160,26,270,1,1,18.76,1
1160,1161,26,270,1,1,7.5,1
1161,1162,26,271,1,1,3.82,1
1162,1163,26,271,1,1,0.12,1
1163,1164,26,271,1,1,2.02,1
1164,1165,26,271,1,1,10.34,1
1165,1166,26,271,1,1,8.04,1
1166,1167,26,272,1,1,0.2,1
1167,1168,26,272,1,1,0.25,1
1168,1169,26,272,1,1,2.48,1
1169,1170,26,272,1,1,0.64,1
1170,1171,26,272,1,1,0.7,1
1171,1172,26,272,1,1,1.04,1
1172,1173,26,272,1,1,9.46,1
1173,1174,27,273,0,0,23.98,1
1174,1175,27,275,0,0,79.61,1
1175,1176,27,276,0,0,27.45,1
1176,1177,27,277,0,1,66.63,1
1177,1178,27,277,0,1,13.14,1
1178,1179,27,278,0,1,14.13,1
1179,1180,27,279,0,1,49.98,1
1180,1181,27,280,0,1,21.66,1
1181,1182,27,280,0,1,16.92,1
1182,1183,27,281,1,0,12.12,1
1183,1184,27,281,1,0,38.58,1
1184,1185,27,282,1,0,33.55,1
1185,1186,27,282,1,0,0.77,1
1186,1187,27,283,1,0,7.85,1
1187,1188,27,284,1,0,20.68,1
1188,1189,27,285,1,1,16.25,1
1189,1190,27,286,1,1,10.65,1
1190,1191,27,286,1,1,36.82,1
1191,1192,27,286,1,1,21.94,1
1192,1193,27,287,1,1,17.96,1
1193,1194,27,288,1,1,35.83,1
1194,1195,28,289,0,0,16.02,1
1195,1196,28,290,0,0,18.81,1
1196,1197,28,290,0,0,9.28,1
1197,1198,28,290,0,0,1.0,1
1198,1199,28,291,0,0,14.34,1
1199,1200,28,292,0,0,12.97,1
1200,1201,28,292,0,0,54.01,1
1201,1202,28,293,0,1,25.47,1
1202,1203,28,293,0,1,30.39,1
1203,1204,28,293,0,1,0.2,1
1204,1205,28,294,0,1,34.26,1
1205,1206,28,294,0,1,3.42,1
1206,1207,28,295,0,1,75.8,1
1207,1208,28,296,0,1,62.74,1
1208,1209,28,297,1,0,46.81,1
1209,1210,28,297,1,0,16.2,1
1210,1211,28,297,1,0,17.19,1
1211,1212,28,298,1,0,10.2,1
1212,1213,28,299,1,0,21.36,1
1213,1214,28,300,1,0,49.27,1
1214,1215,28,301,1,1,24.55,1
1215,1216,28,301,1,1,8.63,1
1216,1217,28,302,1,1,5.01,1
1217,1218,28,302,1,1,0.59,1
1218,1219,28,302,1,1,0.57,1
1219,1220,28,302,1,1,8.59,1
1220,1221,28,303,1,1,28.63,1
1221,1222,28,304,1,1,45.88,1
1222,1223,29,305,0,0,18.05,1
1223,1224,29,306,0,0,23.25,1
1224,1225,29,306,0,0,21.17,1
1225,1226,29,306,0,0,2.64,1
1226,1227,29,307,0,0,21.78,1
1227,1228,29,307,0,0,9.1,1
1228,1229,29,307,0,0,9.46,1
1229,1230,29,308,0,0,6.24,1
1230,1231,29,308,0,0,0.64,1
1231,1232,29,308,0,0,11.53,1
1232,1233,29,308,0,0,21.44,1
1233,1234,29,308,0,0,38.12,1
1234,1235,29,309,0,1,1.6,1
1235,1236,29,309,0,1,46.06,1
1236,1237,29,309,0,1,21.85,1
1237,1238,29,310,0,1,17.44,1
1238,1239,29,310,0,1,60.83,1
1239,1240,29,310,0,1,35.29,1
1240,1241,29,311,0,1,2.36,1
1241,1242,29,311,0,1,9.38,1
1242,1243,29,311,0,1,34.58,1
1243,1244,29,312,0,1,0.6,1
1244,1245,29,312,0,1,20.04,1
1245,1246,29,313,1,0,31.72,1
1246,1247,29,313,1,0,24.57,1
1247,1248,29,314,1,0,42.46,1
1248,1249,29,315,1,0,20.82,1
1249,1250,29,316,1,0,40.85,1
1250,1251,29,316,1,0,12.33,1
1251,1252,29,317,1,1,15.18,1
1252,1253,29,317,1,1,2.48,1
1253,1254,29,317,1,1,22.43,1
1254,1255,29,318,1,1,42.02,1
1255,1256,29,318,1,1,17.48,1
1256,1257,29,318,1,1,2.51,1
1257,1258,29,318,1,1,43.84,1
1258,1259,29,319,1,1,31.67,1
1259,1260,29,319,1,1,4.22,1
1260,1261,29,319,1,1,11.35,1
1261,1262,29,320,1,1,42.59,1
1262,1263,30,321,0,0,27.15,1
1263,1264,30,322,0,0,3.03,1
1264,1265,30,322,0,0,3.06,1
1265,1266,30,322,0,0,17.71,1
1266,1267,30,323,0,0,4.17,1
1267,1268,30,323,0,0,9.08,1
1268,1269,30,323,0,0,5.43,1
1269,1270,30,324,0,0,0.67,1
1270,1271,30,324,0,0,30.08,1
1271,1272,30,324,0,0,16.27,1
1272,1273,30,325,0,1,1.76,1
1273,1274,30,325,0,1,0.62,1
1274,1275,30,325,0,1,1.26,1
1275,1276,30,325,0,1,0.49,1
1276,1277,30,326,0,1,0.47,1
1277,1278,30,326,0,1,0.89,1
1278,1279,30,326,0,1,0.79,1
1279,1280,30,327,0,1,0.52,1
1280,1281,30,327,0,1,0.63,1
1281,1282,30,327,0,1,0.47,1
1282,1283,30,327,0,1,20.16,1
1283,1284,30,327,0,1,1.21,1
1284,1285,30,328,0,1,1.5,1
1285,1286,30,328,0,1,1.1,1
1286,1287,30,328,0,1,11.94,1
1287,1288,30,328,0,1,0.09,1
1288,1289,30,329,1,0,3.9,1
1289,1290,30,329,1,0,5.73,1
1290,1291,30,329,1,0,0.85,1
1291,1292,30,329,1,0,0.49,1
1292,1293,30,329,1,0,0.96,1
1293,1294,30,329,1,0,0.4,1
1294,1295,30,329,1,0,0.97,1
1295,1296,30,329,1,0,0.57,1
1296,1297,30,330,1,0,30.75,1
1297,1298,30,330,1,0,8.39,1
1298,1299,30,330,1,0,0.44,1
1299,1300,30,330,1,0,0.9,1
1300,1301,30,330,1,0,1.52,1
1301,1302,30,330,1,0,2.11,1
1302,1303,30,330,1,0,1.41,1
1303,1304,30,330,1,0,0.68,1
1304,1305,30,331,1,0,0.74,1
1305,1306,30,331,1,0,12.19,1
1306,1307,30,331,1,0,11.8,1
1307,1308,30,332,1,0,26.47,1
1308,1309,30,333,1,1,11.1,1
1309,1310,30,333,1,1,14.56,1
1310,1311,30,333,1,1,15.06,1
1311,1312,30,334,1,1,23.83,1
1312,1313,30,334,1,1,46.17,1
1313,1314,30,334,1,1,38.95,1
1314,1315,30,335,1,1,2.33,1
1315,1316,30,335,1,1,4.51,1
1316,1317,30,335,1,1,15.55,1
1317,1318,30,335,1,1,36.05,1
1318,1319,30,336,1,1,0.3,1
1319,1320,30,336,1,1,18.68,1
1320,1321,30,336,1,1,15.62,1
1321,1322,30,336,1,1,7.22,1
1322,1323,31,337,0,0,4.22,1
1323,1324,31,337,0,0,29.54,1
1324,1325,31,338,0,0,1.04,1
1325,1326,31,338,0,0,12.14,1
1326,1327,31,338,0,0,1.94,1
1327,1328,31,338,0,0,11.14,1
1328,1329,31,339,0,0,24.01,1
1329,1330,31,339,0,0,2.38,1
1330,1331,31,339,0,0,1.22,1
1331,1332,31,339,0,0,13.24,1
1332,1333,31,339,0,0,41.97,1
1333,1334,31,340,0,0,5.86,1
1334,1335,31,340,0,0,18.09,1
1335,1336,31,341,0,1,0.98,1
1336,1337,31,341,0,1,4.37,1
1337,1338,31,341,0,1,4.09,1
1338,1339,31,341,0,1,1.01,1
1339,1340,31,341,0,1,0.49,1
1340,1341,31,341,0,1,6.98,1
1341,1342,31,341,0,1,5.9,1
1342,1343,31,342,0,1,16.77,1
1343,1344,31,342,0,1,1.06,1
1344,1345,31,342,0,1,0.95,1
1345,1346,31,342,0,1,9.35,1
1346,1347,31,343,0,1,0.71,1
1347,1348,31,343,0,1,4.57,1
1348,1349,31,343,0,1,14.27,1
1349,1350,31,344,0,1,12.58,1
1350,1351,31,345,1,0,12.52,1
1351,1352,31,345,1,0,10.83,1
1352,1353,31,345,1,0,0.66,1
1353,1354,31,345,1,0,6.51,1
1354,1355,31,345,1,0,17.03,1
1355,1356,31,346,1,0,0.89,1
1356,1357,31,346,1,0,2.35,1
1357,1358,31,346,1,0,2.53,1
1358,1359,31,346,1,0,11.99,1
1359,1360,31,346,1,0,72.99,1
1360,1361,31,347,1,0,60.13,1
1361,1362,31,347,1,0,27.99,1
1362,1363,31,347,1,0,1.0,1
1363,1364,31,347,1,0,62.42,1
1364,1365,31,348,1,1,2.06,1
1365,1366,31,348,1,1,0.77,1
1366,1367,31,348,1,1,39.96,1
1367,1368,31,348,1,1,20.46,1
1368,1369,31,348,1,1,57.42,1
1369,1370,31,348,1,1,15.68,1
1370,1371,31,348,1,1,10.04,1
1371,1372,31,349,1,1,28.78,1
1372,1373,31,349,1,1,21.97,1
1373,1374,31,350,1,1,0.73,1
1374,1375,31,350,1,1,0.65,1
1375,1376,31,350,1,1,37.67,1
1376,1377,31,350,1,1,33.58,1
1377,1378,31,350,1,1,2.06,1
1378,1379,31,350,1,1,0.75,1
1379,1380,31,351,1,1,51.78,1
1380,1381,32,352,0,0,1.83,1
1381,1382,32,352,0,0,1.67,1
1382,1383,32,352,0,0,19.37,1
1383,1384,32,352,0,0,1.0,1
1384,1385,32,352,0,0,7.08,1
1385,1386,32,353,0,0,38.09,1
1386,1387,32,353,0,0,23.88,1
1387,1388,32,354,0,0,1.06,1
1388,1389,32,354,0,0,6.2,1
1389,1390,32,355,0,0,0.4,1
1390,1391,32,356,0,1,0.88,1
1391,1392,32,356,0,1,0.63,1
1392,1393,32,356,0,1,1.13,1
1393,1394,32,356,0,1,5.78,1
1394,1395,32,356,0,1,10.63,1
1395,1396,32,357,0,1,24.28,1
1396,1397,32,357,0,1,26.02,1
1397,1398,32,358,0,1,5.46,1
1398,1399,32,359,0,1,1.07,1
1399,1400,32,359,0,1,0.57,1
1400,1401,32,359,0,1,20.92,1
1401,1402,32,359,0,1,12.77,1
1402,1403,32,359,0,1,6.6,1
1403,1404,32,360,1,0,15.6,1
1404,1405,32,360,1,0,1.65,1
1405,1406,32,360,1,0,2.7,1
1406,1407,32,361,1,0,4.26,1
1407,1408,32,361,1,0,6.29,1
1408,1409,32,361,1,0,8.12,1
1409,1410,32,362,1,0,5.5,1
1410,1411,32,362,1,0,0.42,1
1411,1412,32,362,1,0,4.24,1
1412,1413,32,362,1,0,46.4,1
1413,1414,32,363,1,0,0.44,1
1414,1415,32,363,1,0,0.5,1
1415,1416,32,363,1,0,0.64,1
1416,1417,32,363,1,0,12.16,1
1417,1418,32,364,1,1,7.04,1
1418,1419,32,364,1,1,0.84,1
1419,1420,32,365,1,1,2.08,1
1420,1421,32,365,1,1,20.59,1
1421,1422,32,365,1,1,3.6,1
1422,1423,32,365,1,1,1.99,1
1423,1424,32,365,1,1,2.3,1
1424,1425,32,366,1,1,0.79,1
1425,1426,32,366,1,1,5.03,1
1426,1427,32,366,1,1,5.82,1
1427,1428,32,366,1,1,0.59,1
1428,1429,32,366,1,1,0.92,1
1429,1430,32,367,1,1,0.86,1
1430,1431,32,367,1,1,0.34,1
1431,1432,32,367,1,1,0.57,1
1432,1433,32,367,1,1,0.63,1
1433,1434,32,367,1,1,3.19,1
1434,1435,32,367,1,1,1.89,1
1435,1436,32,367,1,1,31.63,1
1436,1437,33,368,0,0,31.01,1
1437,1438,33,369,0,0,78.99,1
1438,1439,33,369,0,0,5.08,1
1439,1440,33,370,0,0,38.05,1
1440,1441,33,370,0,0,16.36,1
1441,1442,33,371,0,0,27.51,1
1442,1443,33,371,0,0,13.52,1
1443,1444,33,372,0,1,0.65,1
1444,1445,33,372,0,1,42.44,1
1445,1446,33,372,0,1,6.65,1
1446,1447,33,373,0,1,0.93,1
1447,1448,33,373,0,1,45.79,1
1448,1449,33,373,0,1,1.56,1
1449,1450,33,374,0,1,65.32,1
1450,1451,33,374,0,1,41.12,1
1451,1452,33,376,1,0,17.42,1
1452,1453,33,376,1,0,37.89,1
1453,1454,33,377,1,0,37.78,1
1454,1455,33,378,1,0,38.3,1
1455,1456,33,378,1,0,23.91,1
1456,1457,33,379,1,0,61.14,1
1457,1458,33,380,1,1,56.59,1
1458,1459,33,381,1,1,40.96,1
1459,1460,33,382,1,1,64.52,1
1460,1461,33,383,1,1,7.49,1
1461,1462,34,384,0,0,5.6,1
1462,1463,34,384,0,0,1.54,1
1463,1464,34,385,0,0,15.52,1
1464,1465,34,385,0,0,2.58,1
1465,1466,34,385,0,0,5.5,1
1466,1467,34,385,0,0,16.85,1
1467,1468,34,387,0,0,11.65,1
1468,1469,34,387,0,0,44.08,1
1469,1470,34,388,0,1,11.28,1
1470,1471,34,388,0,1,8.44,1
1471,1472,34,388,0,1,9.96,1
1472,1473,34,388,0,1,0.59,1
1473,1474,34,388,0,1,1.46,1
1474,1475,34,388,0,1,5.56,1
1475,1476,34,388,0,1,10.91,1
1476,1477,34,389,0,1,10.61,1
1477,1478,34,389,0,1,48.18,1
1478,1479,34,390,0,1,101.92,1
1479,1480,34,391,0,1,37.61,1
1480,1481,34,392,1,0,47.39,1
1481,1482,34,392,1,0,31.99,1
1482,1483,34,392,1,0,14.68,1
1483,1484,34,393,1,0,7.27,1
1484,1485,34,393,1,0,13.15,1
1485,1486,34,393,1,0,1.63,1
1486,1487,34,393,1,0,16.04,1
1487,1488,34,393,1,0,8.46,1
1488,1489,34,393,1,0,11.09,1
1489,1490,34,394,1,0,1.06,1
1490,1491,34,394,1,0,6.37,1
1491,1492,34,394,1,0,20.13,1
1492,1493,34,394,1,0,12.28,1
1493,1494,34,396,1,1,25.97,1
1494,1495,34,397,1,1,45.65,1
1495,1496,34,398,1,1,3.85,1
1496,1497,35,400,0,0,7.36,1
1497,1498,35,400,0,0,2.69,1
1498,1499,35,400,0,0,2.68,1
1499,1500,35,400,0,0,2.08,1
1500,1501,35,400,0,0,1.07,1
1501,1502,35,401,0,0,9.0,1
1502,1503,35,401,0,0,2.92,1
1503,1504,35,401,0,0,2.76,1
1504,1505,35,401,0,0,0.84,1
1505,1506,35,401,0,0,1.95,1
1506,1507,35,401,0,0,0.48,1
1507,1508,35,402,0,0,4.62,1
1508,1509,35,403,0,0,1.0,1
1509,1510,35,404,0,1,0.56,1
1510,1511,35,404,0,1,1.13,1
1511,1512,35,404,0,1,2.2,1
1512,1513,35,404,0,1,15.79,1
1513,1514,35,404,0,1,1.43,1
1514,1515,35,404,0,1,6.84,1
1515,1516,35,405,0,1,2.78,1
1516,1517,35,405,0,1,0.53,1
1517,1518,35,405,0,1,0.93,1
1518,1519,35,405,0,1,8.7,1
1519,1520,35,406,0,1,5.23,1
1520,1521,35,407,0,1,0.6,1
1521,1522,35,408,1,0,0.59,1
1522,1523,35,408,1,0,10.91,1
1523,1524,35,408,1,0,0.78,1
1524,1525,35,408,1,0,6.4,1
1525,1526,35,409,1,0,15.63,1
1526,1527,35,410,1,0,5.07,1
1527,1528,35,410,1,0,1.0,1
1528,1529,35,410,1,0,6.91,1
1529,1530,35,410,1,0,7.5,1
1530,1531,35,410,1,0,1.02,1
1531,1532,35,410,1,0,0.62,1
1532,1533,35,411,1,0,0.74,1
1533,1534,35,411,1,0,0.53,1
1534,1535,35,411,1,0,0.94,1
1535,1536,35,412,1,1,23.83,1
1536,1537,35,413,1,1,15.08,1
1537,1538,35,413,1,1,0.4,1
1538,1539,35,413,1,1,13.03,1
1539,1540,35,414,1,1,7.95,1
1540,1541,35,414,1,1,1.2,1
1541,1542,35,414,1,1,3.18,1
1542,1543,35,414,1,1,12.11,1
1543,1544,35,414,1,1,3.58,1
1544,1545,35,414,1,1,1.41,1
1545,1546,35,415,1,1,10.97,1
1546,1547,35,415,1,1,4.02,1
1547,1548,35,415,1,1,13.38,1
1548,1549,35,415,1,1,29.95,1
1549,1550,35,415,1,1,38.91,1
1550,1551,35,415,1,1,1.39,1
1551,1552,35,415,1,1,30.97,1
1552,1553,35,415,1,1,6.28,1
1553,1554,36,416,0,0,1.4,1
1554,1555,36,416,0,0,2.7,1
1555,1556,36,417,0,0,3.86,1
1556,1557,36,417,0,0,1.69,1
1557,1558,36,417,0,0,10.92,1
1558,1559,36,418,0,0,9.45,1
1559,1560,36,418,0,0,3.26,1
1560,1561,36,419,0,0,0.55,1
1561,1562,36,419,0,0,0.69,1
1562,1563,36,419,0,0,27.26,1
1563,1564,36,419,0,0,1.56,1
1564,1565,36,420,0,1,0.57,1
1565,1566,36,420,0,1,73.42,1
1566,1567,36,421,0,1,2.09,1
1567,1568,36,421,0,1,13.98,1
1568,1569,36,422,0,1,2.94,1
1569,1570,36,422,0,1,27.23,1
1570,1571,36,423,0,1,34.16,1
1571,1572,36,424,1,0,2.31,1
1572,1573,36,424,1,0,0.3,1
1573,1574,36,424,1,0,13.54,1
1574,1575,36,425,1,0,22.8,1
1575,1576,36,426,1,0,25.46,1
1576,1577,36,427,1,0,0.4,1
1577,1578,36,427,1,0,0.85,1
1578,1579,36,427,1,0,0.84,1
1579,1580,36,427,1,0,0.61,1
1580,1581,36,427,1,0,1.14,1
1581,1582,36,428,1,1,1.0,1
1582,1583,36,428,1,1,0.64,1
1583,1584,36,428,1,1,0.04,1
1584,1585,36,428,1,1,0.99,1
1585,1586,36,428,1,1,2.55,1
1586,1587,36,429,1,1,0.6,1
1587,1588,36,429,1,1,0.54,1
1588,1589,36,429,1,1,7.1,1
1589,1590,36,429,1,1,16.1,1
1590,1591,36,429,1,1,0.98,1
1591,1592,36,429,1,1,0.44,1
1592,1593,36,429,1,1,0.89,1
1593,1594,36,429,1,1,1.06,1
1594,1595,36,430,1,1,5.34,1
1595,1596,36,430,1,1,1.63,1
1596,1597,36,430,1,1,2.12,1
1597,1598,36,430,1,1,2.8,1
1598,1599,36,430,1,1,7.75,1
1599,1600,36,431,1,1,0.71,1
1600,1601,36,431,1,1,15.82,1
1601,1602,36,431,1,1,0.8,1
1602,1603,36,431,1,1,0.67,1
1603,1604,37,432,0,0,4.56,1
1604,1605,37,432,0,0,3.0,1
1605,1606,37,433,0,0,1.47,1
1606,1607,37,433,0,0,2.53,1
1607,1608,37,433,0,0,7.1,1
1608,1609,37,433,0,0,7.73,1
1609,1610,37,433,0,0,4.09,1
1610,1611,37,433,0,0,12.4,1
1611,1612,37,434,0,0,0.28,1
1612,1613,37,434,0,0,20.08,1
1613,1614,37,434,0,0,34.76,1
1614,1615,37,434,0,0,7.04,1
1615,1616,37,434,0,0,1.27,1
1616,1617,37,434,0,0,3.75,1
1617,1618,37,434,0,0,10.61,1
1618,1619,37,434,0,0,18.26,1
1619,1620,37,434,0,0,18.94,1
1620,1621,37,434,0,0,2.9,1
1621,1622,37,435,0,0,18.73,1
1622,1623,37,435,0,0,0.9,1
1623,1624,37,435,0,0,38.34,1
1624,1625,37,435,0,0,1.76,1
1625,1626,37,435,0,0,28.78,1
1626,1627,37,435,0,0,0.46,1
1627,1628,37,435,0,0,3.19,1
1628,1629,37,436,0,1,24.76,1
1629,1630,37,436,0,1,11.7,1
1630,1631,37,436,0,1,8.4,1
1631,1632,37,436,0,1,22.95,1
1632,1633,37,437,0,1,24.12,1
1633,1634,37,437,0,1,1.12,1
1634,1635,37,437,0,1,0.86,1
1635,1636,37,437,0,1,6.59,1
1636,1637,37,437,0,1,18.57,1
1637,1638,37,437,0,1,19.14,1
1638,1639,37,437,0,1,11.44,1
1639,1640,37,437,0,1,1.45,1
1640,1641,37,437,0,1,14.29,1
1641,1642,37,438,0,1,4.82,1
1642,1643,37,438,0,1,24.46,1
1643,1644,37,439,0,1,6.36,1
1644,1645,37,439,0,1,14.09,1
1645,1646,37,439,0,1,0.66,1
1646,1647,37,439,0,1,0.44,1
1647,1648,37,439,0,1,14.79,1
1648,1649,37,439,0,1,0.12,1
1649,1650,37,440,1,0,25.12,1
1650,1651,37,440,1,0,24.45,1
1651,1652,37,440,1,0,30.4,1
1652,1653,37,440,1,0,28.99,1
1653,1654,37,440,1,0,11.41,1
1654,1655,37,440,1,0,14.2,1
1655,1656,37,440,1,0,10.04,1
1656,1657,37,440,1,0,1.02,1
1657,1658,37,440,1,0,11.01,1
1658,1659,37,441,1,0,8.16,1
1659,1660,37,441,1,0,49.48,1
1660,1661,37,442,1,0,11.56,1
1661,1662,37,442,1,0,19.38,1
1662,1663,37,442,1,0,0.67,1
1663,1664,37,442,1,0,0.59,1
1664,1665,37,442,1,0,0.5,1
1665,1666,37,442,1,0,0.88,1
1666,1667,37,442,1,0,0.91,1
1667,1668,37,442,1,0,204.53,1
1668,1669,37,442,1,0,11.17,1
1669,1670,37,442,1,0,3.75,1
1670,1671,37,442,1,0,18.65,1
1671,1672,37,443,1,0,1.4,1
1672,1673,37,443,1,0,5.53,1
1673,1674,37,444,1,1,11.54,1
1674,1675,37,445,1,1,0.74,1
1675,1676,37,445,1,1,0.8,1
1676,1677,37,445,1,1,36.3,1
1677,1678,37,445,1,1,9.75,1
1678,1679,37,445,1,1,39.13,1
1679,1680,37,445,1,1,5.93,1
1680,1681,37,446,1,1,1.15,1
1681,1682,37,446,1,1,6.14,1
1682,1683,37,446,1,1,18.66,1
1683,1684,37,446,1,1,0.56,1
1684,1685,37,446,1,1,12.1,1
1685,1686,37,446,1,1,14.66,1
1686,1687,37,446,1,1,10.49,1
1687,1688,37,447,1,1,0.7,1
1688,1689,37,447,1,1,8.31,1
1689,1690,37,447,1,1,1.83,1
1690,1691,37,447,1,1,2.09,1
1691,1692,38,448,0,0,0.71,1
1692,1693,38,448,0,0,0.61,1
1693,1694,38,448,0,0,1.03,1
1694,1695,38,448,0,0,1.78,1
1695,1696,38,448,0,0,0.73,1
1696,1697,38,448,0,0,0.64,1
1697,1698,38,448,0,0,0.67,1
1698,1699,38,448,0,0,0.54,1
1699,1700,38,448,0,0,1.19,1
1700,1701,38,448,0,0,0.62,1
1701,1702,38,449,0,0,0.2,1
1702,1703,38,449,0,0,4.09,1
1703,1704,38,449,0,0,0.49,1
1704,1705,38,449,0,0,0.46,1
1705,1706,38,449,0,0,0.32,1
1706,1707,38,449,0,0,0.5,1
1707,1708,38,449,0,0,0.36,1
1708,1709,38,449,0,0,0.47,1
1709,1710,38,449,0,0,2.89,1
1710,1711,38,449,0,0,0.32,1
1711,1712,38,449,0,0,1.26,1
1712,1713,38,450,0,0,0.48,1
1713,1714,38,450,0,0,0.28,1
1714,1715,38,450,0,0,0.53,1
1715,1716,38,450,0,0,0.26,1
1716,1717,38,451,0,0,6.85,1
1717,1718,38,451,0,0,0.48,1
1718,1719,38,451,0,0,0.21,1
1719,1720,38,451,0,0,0.43,1
1720,1721,38,451,0,0,0.55,1
1721,1722,38,451,0,0,0.3,1
1722,1723,38,451,0,0,0.62,1
1723,1724,38,451,0,0,0.33,1
1724,1725,38,451,0,0,7.56,1
1725,1726,38,451,0,0,0.0,1
1726,1727,38,452,0,1,1.39,1
1727,1728,38,452,0,1,1.11,1
1728,1729,38,452,0,1,5.73,1
1729,1730,38,452,0,1,5.35,1
1730,1731,38,452,0,1,12.88,1
1731,1732,38,452,0,1,0.57,1
1732,1733,38,452,0,1,0.37,1
1733,1734,38,452,0,1,0.39,1
1734,1735,38,452,0,1,0.96,1
1735,1736,38,452,0,1,0.23,1
1736,1737,38,452,0,1,0.74,1
1737,1738,38,452,0,1,0.39,1
1738,1739,38,453,0,1,0.51,1
1739,1740,38,453,0,1,0.83,1
1740,1741,38,453,0,1,0.17,1
1741,1742,38,453,0,1,0.81,1
1742,1743,38,453,0,1,0.57,1
1743,1744,38,453,0,1,0.53,1
1744,1745,38,453,0,1,6.62,1
1745,1746,38,453,0,1,0.42,1
1746,1747,38,453,0,1,0.33,1
1747,1748,38,453,0,1,0.59,1
1748,1749,38,453,0,1,0.34,1
1749,1750,38,453,0,1,0.56,1
1750,1751,38,453,0,1,0.89,1
1751,1752,38,454,0,1,0.75,1
1752,1753,38,454,0,1,0.64,1
1753,1754,38,454,0,1,0.59,1
1754,1755,38,454,0,1,6.15,1
1755,1756,38,454,0,1,0.74,1
1756,1757,38,455,0,1,2.24,1
1757,1758,38,456,1,0,0.42,1
1758,1759,38,456,1,0,1.15,1
1759,1760,38,456,1,0,0.65,1
1760,1761,38,456,1,0,0.69,1
1761,1762,38,456,1,0,0.66,1
1762,1763,38,456,1,0,0.66,1
1763,1764,38,456,1,0,5.24,1
1764,1765,38,456,1,0,0.75,1
1765,1766,38,456,1,0,8.31,1
1766,1767,38,457,1,0,2.31,1
1767,1768,38,457,1,0,0.56,1
1768,1769,38,457,1,0,0.43,1
1769,1770,38,457,1,0,0.65,1
1770,1771,38,457,1,0,1.29,1
1771,1772,38,457,1,0,2.51,1
1772,1773,38,458,1,0,0.87,1
1773,1774,38,458,1,0,0.68,1
1774,1775,38,458,1,0,0.77,1
1775,1776,38,458,1,0,1.36,1
1776,1777,38,458,1,0,0.93,1
1777,1778,38,458,1,0,0.75,1
1778,1779,38,458,1,0,1.05,1
1779,1780,38,458,1,0,0.94,1
1780,1781,38,458,1,0,4.42,1
1781,1782,38,458,1,0,0.7,1
1782,1783,38,458,1,0,0.44,1
1783,1784,38,458,1,0,0.49,1
1784,1785,38,459,1,0,0.49,1
1785,1786,38,459,1,0,1.17,1
1786,1787,38,459,1,0,0.81,1
1787,1788,38,459,1,0,0.91,1
1788,1789,38,459,1,0,0.51,1
1789,1790,38,459,1,0,0.67,1
1790,1791,38,459,1,0,3.87,1
1791,1792,38,459,1,0,0.79,1
1792,1793,38,459,1,0,0.72,1
1793,1794,38,459,1,0,0.62,1
1794,1795,38,459,1,0,0.64,1
1795,1796,38,459,1,0,0.36,1
1796,1797,38,459,1,0,0.49,1
1797,1798,38,459,1,0,1.27,1
1798,1799,38,459,1,0,0.75,1
1799,1800,38,459,1,0,0.64,1
1800,1801,38,459,1,0,0.36,1
1801,1802,38,459,1,0,0.6,1
1802,1803,38,459,1,0,0.4,1
1803,1804,38,459,1,0,0.92,1
1804,1805,38,459,1,0,0.99,1
1805,1806,38,459,1,0,0.92,1
1806,1807,38,459,1,0,0.32,1
1807,1808,38,459,1,0,10.64,1
1808,1809,38,459,1,0,0.35,1
1809,1810,38,459,1,0,0.0,1
1810,1811,38,459,1,0,0.28,1
1811,1812,38,459,1,0,0.6,1
1812,1813,38,459,1,0,0.39,1
1813,1814,38,460,1,1,0.98,1
1814,1815,38,460,1,1,1.6,1
1815,1816,38,460,1,1,0.56,1
1816,1817,38,460,1,1,0.33,1
1817,1818,38,460,1,1,0.77,1
1818,1819,38,460,1,1,0.42,1
1819,1820,38,460,1,1,0.38,1
1820,1821,38,461,1,1,1.26,1
1821,1822,38,461,1,1,0.76,1
1822,1823,38,461,1,1,0.45,1
1823,1824,38,461,1,1,0.57,1
1824,1825,38,461,1,1,1.06,1
1825,1826,38,461,1,1,0.39,1
1826,1827,38,461,1,1,0.31,1
1827,1828,38,462,1,1,0.9,1
1828,1829,38,462,1,1,1.82,1
1829,1830,38,462,1,1,18.39,1
1830,1831,38,462,1,1,1.61,1
1831,1832,38,462,1,1,0.38,1
1832,1833,38,462,1,1,2.38,1
1833,1834,38,462,1,1,3.41,1
1834,1835,38,462,1,1,0.59,1
1835,1836,38,462,1,1,0.63,1
1836,1837,38,462,1,1,0.23,1
1837,1838,38,462,1,1,0.36,1
1838,1839,38,462,1,1,0.51,1
1839,1840,38,462,1,1,0.94,1
1840,1841,38,462,1,1,0.11,1
1841,1842,38,462,1,1,0.32,1
1842,1843,38,462,1,1,0.17,1
1843,1844,38,462,1,1,0.64,1
1844,1845,38,462,1,1,1.12,1
1845,1846,38,462,1,1,0.64,1
1846,1847,38,462,1,1,4.69,1
1847,1848,38,462,1,1,1.14,1
1848,1849,38,462,1,1,18.1,1
1849,1850,38,463,1,1,0.43,1
1850,1851,38,463,1,1,0.78,1
1851,1852,38,463,1,1,0.34,1
1852,1853,38,463,1,1,0.4,1
1853,1854,38,463,1,1,14.13,1
1854,1855,38,463,1,1,0.34,1
1855,1856,38,463,1,1,0.15,1
1856,1857,38,463,1,1,2.74,1
1857,1858,38,463,1,1,5.54,1
1858,1859,38,463,1,1,0.89,1
1859,1860,38,463,1,1,0.92,1
1860,1861,38,463,1,1,1.71,1
1861,1862,38,463,1,1,0.82,1
1862,1863,39,464,0,0,12.79,1
1863,1864,39,465,0,0,0.42,1
1864,1865,39,465,0,0,18.91,1
1865,1866,39,465,0,0,0.44,1
1866,1867,39,465,0,0,12.12,1
1867,1868,39,465,0,0,17.43,1
1868,1869,39,466,0,0,47.01,1
1869,1870,39,467,0,0,15.87,1
1870,1871,39,467,0,0,14.3,1
1871,1872,39,467,0,0,6.92,1
1872,1873,39,468,0,1,25.7,1
1873,1874,39,468,0,1,21.38,1
1874,1875,39,468,0,1,11.27,1
1875,1876,39,469,0,1,0.39,1
1876,1877,39,469,0,1,18.7,1
1877,1878,39,470,0,1,25.01,1
1878,1879,39,470,0,1,2.03,1
1879,1880,39,470,0,1,1.18,1
1880,1881,39,471,0,1,0.74,1
1881,1882,39,471,0,1,16.45,1
1882,1883,39,471,0,1,76.18,1
1883,1884,39,472,1,0,1.09,1
1884,1885,39,472,1,0,17.83,1
1885,1886,39,472,1,0,0.51,1
1886,1887,39,472,1,0,4.38,1
1887,1888,39,473,1,0,0.81,1
1888,1889,39,473,1,0,0.93,1
1889,1890,39,473,1,0,0.66,1
1890,1891,39,473,1,0,0.67,1
1891,1892,39,473,1,0,0.29,1
1892,1893,39,473,1,0,3.89,1
1893,1894,39,474,1,0,11.77,1
1894,1895,39,474,1,0,6.66,1
1895,1896,39,474,1,0,21.09,1
1896,1897,39,475,1,0,0.38,1
1897,1898,39,475,1,0,11.31,1
1898,1899,39,475,1,0,25.03,1
1899,1900,39,475,1,0,2.8,1
1900,1901,39,476,1,1,4.74,1
1901,1902,39,476,1,1,0.58,1
1902,1903,39,476,1,1,1.59,1
1903,1904,39,476,1,1,8.58,1
1904,1905,39,476,1,1,3.18,1
1905,1906,39,477,1,1,27.59,1
1906,1907,39,477,1,1,7.42,1
1907,1908,39,477,1,1,1.53,1
1908,1909,39,477,1,1,8.54,1
1909,1910,39,477,1,1,17.18,1
1910,1911,39,478,1,1,29.09,1
1911,1912,39,478,1,1,24.5,1
1912,1913,39,478,1,1,109.42,1
1913,1914,39,479,1,1,17.64,1
1914,1915,39,479,1,1,17.61,1
1915,1916,39,479,1,1,4.13,1
1916,1917,40,480,0,0,3.43,1
1917,1918,40,480,0,0,1.37,1
1918,1919,40,480,0,0,7.41,1
1919,1920,40,481,0,0,1.5,1
1920,1921,40,481,0,0,2.6,1
1921,1922,40,481,0,0,0.34,1
1922,1923,40,481,0,0,1.19,1
1923,1924,40,482,0,0,29.83,1
1924,1925,40,482,0,0,54.56,1
1925,1926,40,483,0,0,1.04,1
1926,1927,40,483,0,0,1.26,1
1927,1928,40,483,0,0,7.49,1
1928,1929,40,483,0,0,8.71,1
1929,1930,40,483,0,0,1.72,1
1930,1931,40,484,0,1,12.69,1
1931,1932,40,484,0,1,15.57,1
1932,1933,40,484,0,1,7.78,1
1933,1934,40,484,0,1,4.45,1
1934,1935,40,485,0,1,35.91,1
1935,1936,40,485,0,1,4.3,1
1936,1937,40,486,0,1,1.74,1
1937,1938,40,486,0,1,6.16,1
1938,1939,40,486,0,1,0.56,1
1939,1940,40,486,0,1,75.23,1
1940,1941,40,487,0,1,39.18,1
1941,1942,40,488,1,0,22.95,1
1942,1943,40,488,1,0,11.12,1
1943,1944,40,488,1,0,0.54,1
1944,1945,40,488,1,0,1.05,1
1945,1946,40,489,1,0,43.11,1
1946,1947,40,489,1,0,11.94,1
1947,1948,40,490,1,0,0.52,1
1948,1949,40,490,1,0,33.46,1
1949,1950,40,491,1,0,5.86,1
1950,1951,40,491,1,0,0.36,1
1951,1952,40,491,1,0,10.68,1
1952,1953,40,492,1,1,0.65,1
1953,1954,40,492,1,1,0.56,1
1954,1955,40,492,1,1,7.11,1
1955,1956,40,492,1,1,4.27,1
1956,1957,40,493,1,1,7.95,1
1957,1958,40,493,1,1,5.88,1
1958,1959,40,493,1,1,11.42,1
1959,1960,40,493,1,1,1.04,1
1960,1961,40,493,1,1,19.69,1
1961,1962,40,493,1,1,0.27,1
1962,1963,40,493,1,1,1.06,1
1963,1964,40,493,1,1,2.94,1
1964,1965,40,494,1,1,1.13,1
1965,1966,40,495,1,1,29.6,1
1966,1967,41,496,0,0,25.19,1
1967,1968,41,496,0,0,9.02,1
1968,1969,41,496,0,0,2.69,1
1969,1970,41,497,0,0,76.41,1
1970,1971,41,498,0,0,0.99,1
1971,1972,41,498,0,0,15.23,1
1972,1973,41,499,0,0,35.98,1
1973,1974,41,499,0,0,26.16,1
1974,1975,41,500,0,1,28.61,1
1975,1976,41,500,0,1,22.39,1
1976,1977,41,500,0,1,37.32,1
1977,1978,41,501,0,1,4.87,1
1978,1979,41,501,0,1,54.79,1
1979,1980,41,502,0,1,23.69,1
1980,1981,41,503,0,1,10.32,1
1981,1982,41,504,1,0,2.19,1
1982,1983,41,504,1,0,3.48,1
1983,1984,41,504,1,0,52.75,1
1984,1985,41,505,1,0,3.38,1
1985,1986,41,505,1,0,83.2,1
1986,1987,41,506,1,0,23.0,1
1987,1988,41,506,1,0,34.06,1
1988,1989,41,507,1,0,17.92,1
1989,1990,41,508,1,1,70.02,1
1990,1991,41,509,1,1,9.81,1
1991,1992,41,509,1,1,16.45,1
1992,1993,41,509,1,1,93.31,1
1993,1994,41,510,1,1,22.79,1
1994,1995,41,510,1,1,40.3,1
1995,1996,41,511,1,1,45.69,1
1996,1997,42,512,0,0,20.91,1
1997,1998,42,513,0,0,52.88,1
1998,1999,42,514,0,0,36.6,1
1999,2000,42,515,0,0,18.03,1
2000,2001,42,515,0,0,8.49,1
2001,2002,42,516,0,1,11.57,1
2002,2003,42,516,0,1,56.61,1
2003,2004,42,517,0,1,7.38,1
2004,2005,42,517,0,1,6.74,1
2005,2006,42,518,0,1,9.45,1
2006,2007,42,518,0,1,15.77,1
2007,2008,42,519,0,1,42.21,1
2008,2009,42,520,1,0,11.73,1
2009,2010,42,520,1,0,17.41,1
2010,2011,42,521,1,0,37.25,1
2011,2012,42,522,1,0,18.12,1
2012,2013,42,523,1,0,35.59,1
2013,2014,42,523,1,0,3.28,1
2014,2015,42,524,1,1,26.93,1
2015,2016,42,524,1,1,35.72,1
2016,2017,42,525,1,1,7.73,1
2017,2018,42,525,1,1,31.05,1
2018,2019,42,525,1,1,6.17,1
2019,2020,42,526,1,1,79.37,1
2020,2021,42,527,1,1,19.17,1
2021,2022,42,527,1,1,20.98,1
2022,2023,43,528,0,0,31.2,1
2023,2024,43,529,0,0,49.14,1
2024,2025,43,529,0,0,32.65,1
2025,2026,43,529,0,0,19.19,1
2026,2027,43,529,0,0,2.57,1
2027,2028,43,529,0,0,8.95,1
2028,2029,43,531,0,0,49.69,1
2029,2030,43,532,0,1,21.48,1
2030,2031,43,532,0,1,31.12,1
2031,2032,43,533,0,1,22.53,1
2032,2033,43,534,0,1,50.74,1
2033,2034,43,535,0,1,33.26,1
2034,2035,43,535,0,1,8.92,1
2035,2036,43,536,1,0,0.77,1
2036,2037,43,536,1,0,0.55,1
2037,2038,43,536,1,0,0.99,1
2038,2039,43,537,1,0,0.88,1
2039,2040,43,537,1,0,8.26,1
2040,2041,43,537,1,0,0.77,1
2041,2042,43,537,1,0,6.84,1
2042,2043,43,537,1,0,1.0,1
2043,2044,43,537,1,0,0.42,1
2044,2045,43,537,1,0,10.52,1
2045,2046,43,538,1,0,9.9,1
2046,2047,43,539,1,0,0.63,1
2047,2048,43,539,1,0,5.79,1
2048,2049,43,539,1,0,0.6,1
2049,2050,43,539,1,0,1.0,1
2050,2051,43,540,1,1,0.76,1
2051,2052,43,540,1,1,53.82,1
2052,2053,43,540,1,1,1.93,1
2053,2054,43,540,1,1,15.36,1
2054,2055,43,541,1,1,59.72,1
2055,2056,43,542,1,1,0.15,1
2056,2057,43,543,1,1,35.49,1
2057,2058,44,544,0,0,0.63,1
2058,2059,44,544,0,0,2.66,1
2059,2060,44,544,0,0,1.94,1
2060,2061,44,544,0,0,2.43,1
2061,2062,44,545,0,0,2.0,1
2062,2063,44,545,0,0,3.64,1
2063,2064,44,545,0,0,1.16,1
2064,2065,44,545,0,0,1.85,1
2065,2066,44,545,0,0,0.96,1
2066,2067,44,545,0,0,2.24,1
2067,2068,44,545,0,0,3.54,1
2068,2069,44,546,0,0,1.29,1
2069,2070,44,547,0,0,3.46,1
2070,2071,44,547,0,0,0.92,1
2071,2072,44,548,0,1,0.68,1
2072,2073,44,548,0,1,1.17,1
2073,2074,44,548,0,1,0.4,1
2074,2075,44,548,0,1,4.42,1
2075,2076,44,548,0,1,1.55,1
2076,2077,44,548,0,1,6.83,1
2077,2078,44,549,0,1,1.69,1
2078,2079,44,549,0,1,1.15,1
2079,2080,44,549,0,1,1.14,1
2080,2081,44,549,0,1,5.41,1
2081,2082,44,550,0,1,4.09,1
2082,2083,44,550,0,1,0.57,1
2083,2084,44,550,0,1,2.25,1
2084,2085,44,550,0,1,3.14,1
2085,2086,44,550,0,1,2.29,1
2086,2087,44,551,0,1,5.04,1
2087,2088,44,551,0,1,0.56,1
2088,2089,44,551,0,1,5.22,1
2089,2090,44,551,0,1,1.13,1
2090,2091,44,551,0,1,9.77,1
2091,2092,44,552,1,0,6.45,1
2092,2093,44,552,1,0,2.44,1
2093,2094,44,552,1,0,9.41,1
2094,2095,44,552,1,0,15.95,1
2095,2096,44,553,1,0,1.06,1
2096,2097,44,553,1,0,2.94,1
2097,2098,44,553,1,0,4.44,1
2098,2099,44,553,1,0,31.71,1
2099,2100,44,554,1,0,1.02,1
2100,2101,44,554,1,0,1.38,1
2101,2102,44,554,1,0,0.43,1
2102,2103,44,554,1,0,2.82,1
2103,2104,44,554,1,0,5.1,1
2104,2105,44,554,1,0,10.39,1
2105,2106,44,555,1,0,29.56,1
2106,2107,44,555,1,0,13.41,1
2107,2108,44,556,1,1,1.09,1
2108,2109,44,556,1,1,0.83,1
2109,2110,44,556,1,1,20.33,1
2110,2111,44,557,1,1,1.12,1
2111,2112,44,557,1,1,15.52,1
2112,2113,44,558,1,1,0.85,1
2113,2114,44,558,1,1,7.38,1
2114,2115,44,558,1,1,5.5,1
2115,2116,44,559,1,1,1.15,1
2116,2117,44,559,1,1,44.26,1
2117,2118,44,559,1,1,0.16,1
2118,2119,45,560,0,0,1.29,1
2119,2120,45,560,0,0,0.94,1
2120,2121,45,561,0,0,1.8,1
2121,2122,45,561,0,0,13.04,1
2122,2123,45,561,0,0,2.76,1
2123,2124,45,561,0,0,4.91,1
2124,2125,45,562,0,0,46.42,1
2125,2126,45,563,0,0,40.05,1
2126,2127,45,563,0,0,23.57,1
2127,2128,45,565,0,1,21.05,1
2128,2129,45,566,0,1,10.39,1
2129,2130,45,567,0,1,2.57,1
2130,2131,45,567,0,1,0.12,1
2131,2132,45,568,1,0,9.64,1
2132,2133,45,569,1,0,24.43,1
2133,2134,45,570,1,0,23.79,1
2134,2135,45,570,1,0,7.76,1
2135,2136,45,571,1,0,10.75,1
2136,2137,45,572,1,1,35.62,1
2137,2138,45,573,1,1,8.16,1
2138,2139,45,573,1,1,23.3,1
2139,2140,45,573,1,1,3.53,1
2140,2141,45,573,1,1,1.81,1
2141,2142,45,573,1,1,1.04,1
2142,2143,45,573,1,1,1.25,1
2143,2144,45,573,1,1,6.0,1
2144,2145,45,574,1,1,18.95,1
2145,2146,45,574,1,1,8.76,1
2146,2147,45,575,1,1,6.02,1
2147,2148,45,575,1,1,3.96,1
2148,2149,45,575,1,1,3.85,1
2149,2150,46,576,0,0,20.52,1
2150,2151,46,577,0,0,15.66,1
2151,2152,46,577,0,0,41.43,1
2152,2153,46,578,0,0,59.39,1
2153,2154,46,579,0,0,20.05,1
2154,2155,46,580,0,1,5.63,1
2155,2156,46,580,0,1,6.87,1
2156,2157,46,580,0,1,18.86,1
2157,2158,46,581,0,1,21.44,1
2158,2159,46,582,0,1,5.8,1
2159,2160,46,582,0,1,98.68,1
2160,2161,46,583,0,1,52.17,1
2161,2162,46,584,1,0,25.94,1
2162,2163,46,584,1,0,10.11,1
2163,2164,46,584,1,0,15.58,1
2164,2165,46,585,1,0,22.65,1
2165,2166,46,585,1,0,28.66,1
2166,2167,46,586,1,0,31.05,1
2167,2168,46,587,1,0,9.73,1
2168,2169,46,587,1,0,19.64,1
2169,2170,46,588,1,1,91.38,1
2170,2171,46,588,1,1,56.3,1
2171,2172,46,589,1,1,22.09,1
2172,2173,46,589,1,1,70.25,1
2173,2174,46,589,1,1,25.21,1
2174,2175,46,589,1,1,17.6,1
2175,2176,46,589,1,1,29.32,1
2176,2177,46,590,1,1,23.42,1
2177,2178,46,590,1,1,41.85,1
2178,2179,46,591,1,1,30.33,1
2179,2180,46,591,1,1,20.41,1
2180,2181,47,592,0,0,10.56,1
2181,2182,47,592,0,0,0.68,1
2182,2183,47,592,0,0,1.67,1
2183,2184,47,593,0,0,13.91,1
2184,2185,47,593,0,0,20.99,1
2185,2186,47,594,0,0,1.0,1
2186,2187,47,594,0,0,0.43,1
2187,2188,47,594,0,0,2.05,1
2188,2189,47,594,0,0,2.56,1
2189,2190,47,594,0,0,3.39,1
2190,2191,47,594,0,0,28.94,1
2191,2192,47,595,0,0,0.24,1
2192,2193,47,595,0,0,3.07,1
2193,2194,47,595,0,0,20.26,1
2194,2195,47,596,0,1,0.64,1
2195,2196,47,596,0,1,0.3,1
2196,2197,47,596,0,1,1.32,1
2197,2198,47,596,0,1,0.96,1
2198,2199,47,596,0,1,0.96,1
2199,2200,47,596,0,1,4.37,1
2200,2201,47,596,0,1,1.26,1
2201,2202,47,596,0,1,1.4,1
2202,2203,47,597,0,1,1.31,1
2203,2204,47,597,0,1,5.39,1
2204,2205,47,597,0,1,4.74,1
2205,2206,47,597,0,1,1.62,1
2206,2207,47,597,0,1,7.0,1
2207,2208,47,598,0,1,5.39,1
2208,2209,47,598,0,1,4.03,1
2209,2210,47,599,0,1,1.04,1
2210,2211,47,599,0,1,17.11,1
2211,2212,47,600,1,0,8.08,1
2212,2213,47,600,1,0,1.35,1
2213,2214,47,600,1,0,4.34,1
2214,2215,47,600,1,0,6.48,1
2215,2216,47,601,1,0,3.84,1
2216,2217,47,601,1,0,0.17,1
2217,2218,47,601,1,0,0.49,1
2218,2219,47,601,1,0,3.32,1
2219,2220,47,601,1,0,7.88,1
2220,2221,47,601,1,0,1.11,1
2221,2222,47,602,1,0,7.52,1
2222,2223,47,602,1,0,10.48,1
2223,2224,47,602,1,0,11.58,1
2224,2225,47,602,1,0,9.76,1
2225,2226,47,602,1,0,0.77,1
2226,2227,47,603,1,0,8.87,1
2227,2228,47,604,1,1,3.46,1
2228,2229,47,604,1,1,0.97,1
2229,2230,47,604,1,1,0.86,1
2230,2231,47,604,1,1,0.6,1
2231,2232,47,605,1,1,2.37,1
2232,2233,47,605,1,1,6.14,1
2233,2234,47,605,1,1,11.03,1
2234,2235,47,606,1,1,5.27,1
2235,2236,47,606,1,1,9.63,1
2236,2237,47,607,1,1,0.54,1
2237,2238,47,607,1,1,2.14,1
2238,2239,47,607,1,1,2.49,1
2239,2240,47,607,1,1,1.22,1
2240,2241,48,608,0,0,63.03,1
2241,2242,48,609,0,0,101.37,1
2242,2243,48,610,0,0,19.54,1
2243,2244,48,611,0,0,50.82,1
2244,2245,48,612,0,1,9.72,1
2245,2246,48,612,0,1,0.46,1
2246,2247,48,612,0,1,83.04,1
2247,2248,48,613,0,1,168.7,1
2248,2249,48,614,0,1,49.1,1
2249,2250,48,615,0,1,9.1,1
2250,2251,48,615,0,1,44.82,1
2251,2252,48,616,1,0,35.97,1
2252,2253,48,616,1,0,14.38,1
2253,2254,48,617,1,0,1.59,1
2254,2255,48,617,1,0,8.37,1
2255,2256,48,617,1,0,8.62,1
2256,2257,48,618,1,0,14.15,1
2257,2258,48,619,1,0,48.09,1
2258,2259,48,619,1,0,0.95,1
2259,2260,48,619,1,0,11.92,1
2260,2261,48,620,1,1,13.42,1
2261,2262,48,621,1,1,47.7,1
2262,2263,48,621,1,1,79.85,1
2263,2264,48,622,1,1,12.57,1
2264,2265,48,623,1,1,51.46,1
2265,2266,48,623,1,1,7.95,1
2266,2267,49,624,0,0,3.22,1
2267,2268,49,624,0,0,0.74,1
2268,2269,49,624,0,0,27.19,1
2269,2270,49,625,0,0,0.78,1
2270,2271,49,625,0,0,35.7,1
2271,2272,49,626,0,0,6.74,1
2272,2273,49,626,0,0,77.27,1
2273,2274,49,627,0,0,44.38,1
2274,2275,49,628,0,1,0.97,1
2275,2276,49,628,0,1,36.35,1
2276,2277,49,629,0,1,23.39,1
2277,2278,49,630,0,1,139.29,1
2278,2279,49,631,0,1,58.81,1
2279,2280,49,632,1,0,54.48,1
2280,2281,49,633,1,0,38.95,1
2281,2282,49,633,1,0,77.33,1
2282,2283,49,634,1,0,22.53,1
2283,2284,49,635,1,0,1.17,1
2284,2285,49,635,1,0,20.62,1
2285,2286,49,635,1,0,2.47,1
2286,2287,49,635,1,0,26.26,1
2287,2288,49,636,1,1,66.86,1
2288,2289,49,637,1,1,38.92,1
2289,2290,49,638,1,1,2.04,1
2290,2291,49,638,1,1,19.22,1
2291,2292,50,640,0,0,24.6,1
2292,2293,50,641,0,0,10.0,1
2293,2294,50,641,0,0,19.35,1
2294,2295,50,641,0,0,20.21,1
2295,2296,50,642,0,0,12.72,1
2296,2297,50,642,0,0,20.33,1
2297,2298,50,642,0,0,18.97,1
2298,2299,50,643,0,0,30.06,1
2299,2300,50,643,0,0,18.82,1
2300,2301,50,643,0,0,6.61,1
2301,2302,50,644,0,1,1.55,1
2302,2303,50,644,0,1,2.12,1
2303,2304,50,644,0,1,0.97,1
2304,2305,50,644,0,1,5.04,1
2305,2306,50,644,0,1,1.11,1
2306,2307,50,644,0,1,12.75,1
2307,2308,50,644,0,1,21.0,1
2308,2309,50,645,0,1,22.98,1
2309,2310,50,645,0,1,47.15,1
2310,2311,50,646,0,1,11.64,1
2311,2312,50,646,0,1,53.37,1
2312,2313,50,647,0,1,50.29,1
2313,2314,50,648,1,0,53.32,1
2314,2315,50,649,1,0,79.46,1
2315,2316,50,650,1,0,47.46,1
2316,2317,50,650,1,0,23.61,1
2317,2318,50,651,1,0,8.32,1
2318,2319,50,652,1,1,9.35,1
2319,2320,50,653,1,1,1.38,1
2320,2321,50,653,1,1,36.81,1
2321,2322,50,654,1,1,38.41,1
2322,2323,50,655,1,1,58.29,1
2323,2324,51,656,0,0,36.52,1
2324,2325,51,656,0,0,15.93,1
2325,2326,51,657,0,0,76.06,1
2326,2327,51,658,0,0,21.59,1
2327,2328,51,659,0,0,0.62,1
2328,2329,51,659,0,0,66.26,1
2329,2330,51,660,0,1,59.0,1
2330,2331,51,660,0,1,7.35,1
2331,2332,51,660,0,1,61.64,1
2332,2333,51,661,0,1,26.49,1
2333,2334,51,661,0,1,13.8,1
2334,2335,51,661,0,1,12.7,1
2335,2336,51,661,0,1,34.88,1
2336,2337,51,662,0,1,45.28,1
2337,2338,51,663,0,1,47.5,1
2338,2339,51,663,0,1,58.6,1
2339,2340,51,664,1,0,6.27,1
2340,2341,51,664,1,0,14.38,1
2341,2342,51,664,1,0,17.9,1
2342,2343,51,664,1,0,0.31,1
2343,2344,51,664,1,0,37.8,1
2344,2345,51,664,1,0,0.51,1
2345,2346,51,664,1,0,31.21,1
2346,2347,51,664,1,0,5.34,1
2347,2348,51,665,1,0,142.01,1
2348,2349,51,666,1,0,40.23,1
2349,2350,51,667,1,0,4.21,1
2350,2351,51,667,1,0,35.1,1
2351,2352,51,667,1,0,56.51,1
2352,2353,51,667,1,0,8.17,1
2353,2354,51,667,1,0,24.79,1
2354,2355,51,667,1,0,0.14,1
2355,2356,51,667,1,0,6.51,1
2356,2357,51,668,1,1,52.29,1
2357,2358,51,669,1,1,31.88,1
2358,2359,51,670,1,1,92.22,1
2359,2360,51,670,1,1,5.17,1
2360,2361,51,670,1,1,30.94,1
2361,2362,51,671,1,1,9.65,1
2362,2363,52,672,0,0,17.04,1
2363,2364,52,673,0,0,46.29,1
2364,2365,52,673,0,0,13.9,1
2365,2366,52,674,0,0,1.27,1
2366,2367,52,674,0,0,1.99,1
2367,2368,52,674,0,0,16.81,1
2368,2369,52,674,0,0,11.93,1
2369,2370,52,674,0,0,0.33,1
2370,2371,52,674,0,0,1.65,1
2371,2372,52,674,0,0,3.38,1
2372,2373,52,674,0,0,0.61,1
2373,2374,52,674,0,0,0.78,1
2374,2375,52,675,0,0,3.5,1
2375,2376,52,675,0,0,0.74,1
2376,2377,52,675,0,0,6.96,1
2377,2378,52,675,0,0,4.05,1
2378,2379,52,676,0,1,34.07,1
2379,2380,52,676,0,1,28.06,1
2380,2381,52,677,0,1,27.99,1
2381,2382,52,678,0,1,63.43,1
2382,2383,52,679,0,1,40.44,1
2383,2384,52,679,0,1,47.06,1
2384,2385,52,680,1,0,55.07,1
2385,2386,52,680,1,0,4.39,1
2386,2387,52,681,1,0,37.2,1
2387,2388,52,682,1,0,23.34,1
2388,2389,52,682,1,0,20.65,1
2389,2390,52,683,1,0,15.08,1
2390,2391,52,684,1,1,1.12,1
2391,2392,52,684,1,1,1.1,1
2392,2393,52,684,1,1,13.52,1
2393,2394,52,684,1,1,1.2,1
2394,2395,52,684,1,1,3.66,1
2395,2396,52,684,1,1,1.94,1
2396,2397,52,685,1,1,0.69,1
2397,2398,52,685,1,1,0.53,1
2398,2399,52,685,1,1,0.49,1
2399,2400,52,685,1,1,8.46,1
2400,2401,52,685,1,1,0.94,1
2401,2402,52,685,1,1,35.87,1
2402,2403,52,685,1,1,31.96,1
2403,2404,52,686,1,1,13.53,1
2404,2405,52,686,1,1,0.8,1
2405,2406,52,686,1,1,35.05,1
2406,2407,52,687,1,1,0.47,1
2407,2408,52,687,1,1,24.36,1
2408,2409,52,687,1,1,14.29,1
2409,2410,53,688,0,0,0.87,1
2410,2411,53,688,0,0,0.64,1
2411,2412,53,688,0,0,0.91,1
2412,2413,53,688,0,0,0.78,1
2413,2414,53,689,0,0,0.89,1
2414,2415,53,689,0,0,0.6,1
2415,2416,53,689,0,0,0.4,1
2416,2417,53,689,0,0,4.89,1
2417,2418,53,689,0,0,0.32,1
2418,2419,53,689,0,0,0.58,1
2419,2420,53,689,0,0,1.52,1
2420,2421,53,689,0,0,1.53,1
2421,2422,53,690,0,0,0.31,1
2422,2423,53,690,0,0,0.23,1
2423,2424,53,690,0,0,0.19,1
2424,2425,53,690,0,0,1.28,1
2425,2426,53,690,0,0,1.49,1
2426,2427,53,691,0,0,2.25,1
2427,2428,53,691,0,0,1.05,1
2428,2429,53,691,0,0,0.91,1
2429,2430,53,692,0,1,1.84,1
2430,2431,53,692,0,1,1.62,1
2431,2432,53,692,0,1,1.47,1
2432,2433,53,692,0,1,23.24,1
2433,2434,53,692,0,1,1.31,1
2434,2435,53,692,0,1,1.19,1
2435,2436,53,693,0,1,2.82,1
2436,2437,53,693,0,1,0.6,1
2437,2438,53,693,0,1,8.76,1
2438,2439,53,693,0,1,0.54,1
2439,2440,53,694,0,1,2.37,1
2440,2441,53,694,0,1,0.29,1
2441,2442,53,694,0,1,0.76,1
2442,2443,53,694,0,1,0.36,1
2443,2444,53,694,0,1,0.7,1
2444,2445,53,695,0,1,1.1,1
2445,2446,53,695,0,1,3.48,1
2446,2447,53,695,0,1,0.81,1
2447,2448,53,695,0,1,18.45,1
2448,2449,53,696,1,0,1.01,1
2449,2450,53,696,1,0,2.34,1
2450,2451,53,696,1,0,0.83,1
2451,2452,53,696,1,0,0.86,1
2452,2453,53,696,1,0,0.0,1
2453,2454,53,696,1,0,6.38,1
2454,2455,53,696,1,0,1.27,1
2455,2456,53,696,1,0,1.0,1
2456,2457,53,696,1,0,2.86,1
2457,2458,53,696,1,0,1.06,1
2458,2459,53,697,1,0,0.5,1
2459,2460,53,697,1,0,0.73,1
2460,2461,53,697,1,0,0.75,1
2461,2462,53,697,1,0,41.58,1
2462,2463,53,697,1,0,6.62,1
2463,2464,53,698,1,0,1.38,1
2464,2465,53,698,1,0,4.88,1
2465,2466,53,698,1,0,20.88,1
2466,2467,53,699,1,0,0.3,1
2467,2468,53,699,1,0,1.01,1
2468,2469,53,699,1,0,40.64,1
2469,2470,53,700,1,1,16.96,1
2470,2471,53,701,1,1,0.5,1
2471,2472,53,701,1,1,1.0,1
2472,2473,53,701,1,1,0.47,1
2473,2474,53,701,1,1,8.37,1
2474,2475,53,701,1,1,1.09,1
2475,2476,53,701,1,1,9.86,1
2476,2477,53,701,1,1,0.81,1
2477,2478,53,702,1,1,0.25,1
2478,2479,53,702,1,1,0.66,1
2479,2480,53,702,1,1,5.58,1
2480,2481,53,702,1,1,4.14,1
2481,2482,53,702,1,1,1.41,1
2482,2483,53,702,1,1,1.6,1
2483,2484,53,702,1,1,0.75,1
2484,2485,53,702,1,1,0.5,1
2485,2486,53,702,1,1,0.56,1
2486,2487,53,702,1,1,0.14,1
2487,2488,53,703,1,1,0.73,1
2488,2489,53,703,1,1,0.58,1
2489,2490,53,703,1,1,0.96,1
2490,2491,53,703,1,1,1.06,1
2491,2492,54,704,0,0,2.33,1
2492,2493,54,704,0,0,7.82,1
2493,2494,54,704,0,0,20.22,1
2494,2495,54,704,0,0,8.35,1
2495,2496,54,705,0,0,1.84,1
2496,2497,54,705,0,0,41.86,1
2497,2498,54,705,0,0,11.27,1
2498,2499,54,706,0,0,24.51,1
2499,2500,54,708,0,1,1.15,1
2500,2501,54,708,0,1,1.21,1
2501,2502,54,708,0,1,3.74,1
2502,2503,54,708,0,1,0.72,1
2503,2504,54,708,0,1,4.18,1
2504,2505,54,708,0,1,2.5,1
2505,2506,54,708,0,1,0.94,1
2506,2507,54,709,0,1,13.63,1
2507,2508,54,709,0,1,4.53,1
2508,2509,54,709,0,1,0.59,1
2509,2510,54,709,0,1,0.84,1
2510,2511,54,709,0,1,4.56,1
2511,2512,54,709,0,1,6.67,1
2512,2513,54,710,0,1,9.9,1
2513,2514,54,710,0,1,6.65,1
2514,2515,54,710,0,1,6.92,1
2515,2516,54,711,0,1,1.06,1
2516,2517,54,711,0,1,0.78,1
2517,2518,54,711,0,1,1.21,1
2518,2519,54,711,0,1,6.88,1
2519,2520,54,712,1,0,10.66,1
2520,2521,54,712,1,0,16.6,1
2521,2522,54,712,1,0,16.02,1
2522,2523,54,712,1,0,0.19,1
2523,2524,54,712,1,0,10.07,1
2524,2525,54,712,1,0,0.68,1
2525,2526,54,713,1,0,9.05,1
2526,2527,54,714,1,0,17.26,1
2527,2528,54,714,1,0,14.84,1
2528,2529,54,714,1,0,5.53,1
2529,2530,54,714,1,0,20.34,1
2530,2531,54,714,1,0,21.76,1
2531,2532,54,715,1,0,2.41,1
2532,2533,54,715,1,0,7.71,1
2533,2534,54,715,1,0,12.34,1
2534,2535,54,715,1,0,11.12,1
2535,2536,54,715,1,0,6.08,1
2536,2537,54,716,1,1,34.74,1
2537,2538,54,717,1,1,1.51,1
2538,2539,54,717,1,1,4.67,1
2539,2540,54,717,1,1,11.47,1
2540,2541,54,717,1,1,19.89,1
2541,2542,54,718,1,1,24.15,1
2542,2543,54,718,1,1,1.31,1
2543,2544,54,719,1,1,12.78,1
2544,2545,54,719,1,1,25.23,1
2545,2546,54,719,1,1,28.89,1
2546,2547,55,720,0,0,0.78,1
2547,2548,55,720,0,0,8.24,1
2548,2549,55,721,0,0,2.06,1
2549,2550,55,721,0,0,4.28,1
2550,2551,55,721,0,0,8.47,1
2551,2552,55,721,0,0,19.87,1
2552,2553,55,721,0,0,0.55,1
2553,2554,55,721,0,0,28.87,1
2554,2555,55,722,0,0,9.62,1
2555,2556,55,722,0,0,5.96,1
2556,2557,55,722,0,0,2.19,1
2557,2558,55,723,0,0,0.25,1
2558,2559,55,723,0,0,0.46,1
2559,2560,55,723,0,0,1.75,1
2560,2561,55,723,0,0,8.05,1
2561,2562,55,724,0,1,23.74,1
2562,2563,55,724,0,1,19.25,1
2563,2564,55,724,0,1,18.18,1
2564,2565,55,725,0,1,7.12,1
2565,2566,55,725,0,1,16.32,1
2566,2567,55,726,0,1,11.25,1
2567,2568,55,726,0,1,6.98,1
2568,2569,55,726,0,1,8.26,1
2569,2570,55,726,0,1,0.76,1
2570,2571,55,726,0,1,1.49,1
2571,2572,55,727,0,1,0.38,1
2572,2573,55,727,0,1,2.58,1
2573,2574,55,727,0,1,49.49,1
2574,2575,55,727,0,1,0.59,1
2575,2576,55,727,0,1,4.85,1
2576,2577,55,728,1,0,9.52,1
2577,2578,55,728,1,0,14.5,1
2578,2579,55,728,1,0,16.35,1
2579,2580,55,729,1,0,0.44,1
2580,2581,55,729,1,0,0.8,1
2581,2582,55,729,1,0,4.33,1
2582,2583,55,729,1,0,8.31,1
2583,2584,55,730,1,0,0.95,1
2584,2585,55,730,1,0,22.31,1
2585,2586,55,730,1,0,0.41,1
2586,2587,55,730,1,0,23.82,1
2587,2588,55,731,1,0,4.97,1
2588,2589,55,731,1,0,4.78,1
2589,2590,55,731,1,0,8.84,1
2590,2591,55,731,1,0,0.33,1
2591,2592,55,731,1,0,5.25,1
2592,2593,55,732,1,1,0.83,1
2593,2594,55,732,1,1,32.6,1
2594,2595,55,732,1,1,0.73,1
2595,2596,55,732,1,1,8.81,1
2596,2597,55,732,1,1,23.19,1
2597,2598,55,732,1,1,30.51,1
2598,2599,55,733,1,1,8.42,1
2599,2600,55,733,1,1,0.98,1
2600,2601,55,733,1,1,18.58,1
2601,2602,55,733,1,1,1.97,1
2602,2603,55,733,1,1,25.12,1
2603,2604,55,733,1,1,32.82,1
2604,2605,55,733,1,1,4.58,1
2605,2606,55,733,1,1,0.99,1
2606,2607,55,733,1,1,2.19,1
2607,2608,55,733,1,1,3.42,1
2608,2609,55,733,1,1,6.6,1
2609,2610,55,733,1,1,4.49,1
2610,2611,55,734,1,1,15.43,1
2611,2612,55,734,1,1,29.28,1
2612,2613,55,734,1,1,9.2,1
2613,2614,55,735,1,1,0.75,1
2614,2615,55,735,1,1,3.64,1
2615,2616,55,735,1,1,4.43,1
2616,2617,55,735,1,1,10.28,1
2617,2618,55,735,1,1,2.35,1
2618,2619,56,736,0,0,38.88,1
2619,2620,56,737,0,0,47.87,1
2620,2621,56,738,0,0,47.22,1
2621,2622,56,738,0,0,19.75,1
2622,2623,56,738,0,0,8.67,1
2623,2624,56,739,0,0,33.87,1
2624,2625,56,739,0,0,9.97,1
2625,2626,56,740,0,1,44.75,1
2626,2627,56,740,0,1,7.98,1
2627,2628,56,741,0,1,22.19,1
2628,2629,56,742,0,1,49.5,1
2629,2630,56,743,0,1,45.92,1
2630,2631,56,744,1,0,62.85,1
2631,2632,56,745,1,0,72.41,1
2632,2633,56,746,1,0,22.57,1
2633,2634,56,747,1,0,20.85,1
2634,2635,56,748,1,1,13.61,1
2635,2636,56,748,1,1,8.52,1
2636,2637,56,749,1,1,71.09,1
2637,2638,56,750,1,1,30.3,1
2638,2639,56,751,1,1,41.14,1
2639,2640,57,752,0,0,1.02,1
2640,2641,57,752,0,0,0.7,1
2641,2642,57,752,0,0,0.79,1
2642,2643,57,752,0,0,1.15,1
2643,2644,57,753,0,0,8.49,1
2644,2645,57,753,0,0,1.2,1
2645,2646,57,753,0,0,0.7,1
2646,2647,57,753,0,0,0.52,1
2647,2648,57,753,0,0,3.74,1
2648,2649,57,754,0,0,1.21,1
2649,2650,57,754,0,0,0.1,1
2650,2651,57,755,0,0,0.91,1
2651,2652,57,755,0,0,1.22,1
2652,2653,57,755,0,0,0.58,1
2653,2654,57,756,0,1,1.38,1
2654,2655,57,756,0,1,2.72,1
2655,2656,57,756,0,1,1.07,1
2656,2657,57,756,0,1,6.51,1
2657,2658,57,756,0,1,4.48,1
2658,2659,57,756,0,1,2.0,1
2659,2660,57,756,0,1,2.22,1
2660,2661,57,757,0,1,0.49,1
2661,2662,57,757,0,1,4.68,1
2662,2663,57,758,0,1,1.04,1
2663,2664,57,758,0,1,12.89,1
2664,2665,57,759,0,1,0.81,1
2665,2666,57,760,1,0,36.78,1
2666,2667,57,760,1,0,4.6,1
2667,2668,57,760,1,0,20.22,1
2668,2669,57,760,1,0,7.38,1
2669,2670,57,760,1,0,0.63,1
2670,2671,57,760,1,0,2.05,1
2671,2672,57,760,1,0,1.41,1
2672,2673,57,761,1,0,10.98,1
2673,2674,57,761,1,0,0.5,1
2674,2675,57,761,1,0,0.84,1
2675,2676,57,761,1,0,1.12,1
2676,2677,57,761,1,0,10.79,1
2677,2678,57,762,1,0,16.3,1
2678,2679,57,762,1,0,0.85,1
2679,2680,57,762,1,0,1.84,1
2680,2681,57,762,1,0,3.39,1
2681,2682,57,762,1,0,11.65,1
2682,2683,57,763,1,0,1.04,1
2683,2684,57,764,1,1,3.09,1
2684,2685,57,764,1,1,1.03,1
2685,2686,57,764,1,1,0.82,1
2686,2687,57,764,1,1,0.7,1
2687,2688,57,764,1,1,0.9,1
2688,2689,57,764,1,1,5.94,1
2689,2690,57,764,1,1,0.19,1
2690,2691,57,765,1,1,0.6,1
2691,2692,57,765,1,1,2.02,1
2692,2693,57,765,1,1,1.03,1
2693,2694,57,765,1,1,0.41,1
2694,2695,57,765,1,1,0.46,1
2695,2696,57,765,1,1,0.63,1
2696,2697,57,765,1,1,0.31,1
2697,2698,57,765,1,1,0.9,1
2698,2699,57,766,1,1,0.58,1
2699,2700,57,766,1,1,7.78,1
2700,2701,57,766,1,1,4.14,1
2701,2702,57,766,1,1,5.66,1
2702,2703,57,766,1,1,0.35,1
2703,2704,57,766,1,1,1.06,1
2704,2705,57,766,1,1,0.56,1
2705,2706,57,766,1,1,1.36,1
2706,2707,57,766,1,1,2.27,1
2707,2708,57,766,1,1,1.01,1
2708,2709,57,766,1,1,1.71,1
2709,2710,57,766,1,1,2.79,1
2710,2711,57,766,1,1,1.58,1
2711,2712,57,766,1,1,0.39,1
2712,2713,57,766,1,1,0.61,1
2713,2714,57,766,1,1,2.72,1
2714,2715,57,766,1,1,9.91,1
2715,2716,57,766,1,1,41.54,1
2716,2717,57,767,1,1,2.21,1
2717,2718,57,767,1,1,20.27,1
2718,2719,57,767,1,1,1.01,1
2719,2720,57,767,1,1,24.49,1
2720,2721,58,768,0,0,31.35,1
2721,2722,58,769,0,0,1.13,1
2722,2723,58,769,0,0,35.91,1
2723,2724,58,769,0,0,22.62,1
2724,2725,58,770,0,0,27.11,1
2725,2726,58,770,0,0,21.23,1
2726,2727,58,771,0,0,16.48,1
2727,2728,58,771,0,0,16.49,1
2728,2729,58,772,0,1,1.1,1
2729,2730,58,772,0,1,30.75,1
2730,2731,58,772,0,1,19.77,1
2731,2732,58,773,0,1,16.43,1
2732,2733,58,774,0,1,5.5,1
2733,2734,58,774,0,1,24.75,1
2734,2735,58,775,0,1,1.02,1
2735,2736,58,775,0,1,25.4,1
2736,2737,58,776,1,0,6.25,1
2737,2738,58,776,1,0,29.67,1
2738,2739,58,777,1,0,13.82,1
2739,2740,58,777,1,0,11.62,1
2740,2741,58,778,1,0,3.87,1
2741,2742,58,778,1,0,0.57,1
2742,2743,58,778,1,0,10.66,1
2743,2744,58,778,1,0,39.66,1
2744,2745,58,779,1,0,39.19,1
2745,2746,58,780,1,1,6.0,1
2746,2747,58,780,1,1,54.9,1
2747,2748,58,781,1,1,3.13,1
2748,2749,58,781,1,1,16.56,1
2749,2750,58,781,1,1,14.12,1
2750,2751,58,781,1,1,4.89,1
2751,2752,58,781,1,1,35.11,1
2752,2753,58,782,1,1,63.34,1
2753,2754,58,783,1,1,63.9,1
2754,2755,59,784,0,0,2.89,1
2755,2756,59,784,0,0,9.84,1
2756,2757,59,784,0,0,7.04,1
2757,2758,59,785,0,0,13.47,1
2758,2759,59,785,0,0,0.95,1
2759,2760,59,785,0,0,1.17,1
2760,2761,59,785,0,0,1.37,1
2761,2762,59,786,0,0,0.58,1
2762,2763,59,786,0,0,0.63,1
2763,2764,59,786,0,0,0.73,1
2764,2765,59,786,0,0,0.59,1
2765,2766,59,786,0,0,16.75,1
2766,2767,59,786,0,0,1.19,1
2767,2768,59,786,0,0,0.29,1
2768,2769,59,786,0,0,5.76,1
2769,2770,59,787,0,0,0.39,1
2770,2771,59,787,0,0,1.12,1
2771,2772,59,787,0,0,0.79,1
2772,2773,59,787,0,0,13.34,1
2773,2774,59,787,0,0,6.12,1
2774,2775,59,788,0,1,1.26,1
2775,2776,59,788,0,1,1.92,1
2776,2777,59,788,0,1,2.72,1
2777,2778,59,788,0,1,0.8,1
2778,2779,59,788,0,1,0.29,1
2779,2780,59,788,0,1,35.73,1
2780,2781,59,789,0,1,5.31,1
2781,2782,59,789,0,1,1.06,1
2782,2783,59,789,0,1,0.26,1
2783,2784,59,790,0,1,0.84,1
2784,2785,59,790,0,1,0.72,1
2785,2786,59,790,0,1,2.5,1
2786,2787,59,790,0,1,0.86,1
2787,2788,59,790,0,1,0.4,1
2788,2789,59,791,0,1,1.22,1
2789,2790,59,791,0,1,4.49,1
2790,2791,59,791,0,1,0.59,1
2791,2792,59,791,0,1,0.68,1
2792,2793,59,791,0,1,8.28,1
2793,2794,59,791,0,1,3.99,1
2794,2795,59,792,1,0,0.16,1
2795,2796,59,792,1,0,0.61,1
2796,2797,59,792,1,0,5.46,1
2797,2798,59,792,1,0,8.64,1
2798,2799,59,792,1,0,7.27,1
2799,2800,59,792,1,0,4.6,1
2800,2801,59,792,1,0,1.26,1
2801,2802,59,792,1,0,3.79,1
2802,2803,59,792,1,0,0.16,1
2803,2804,59,792,1,0,0.8,1
2804,2805,59,792,1,0,7.48,1
2805,2806,59,792,1,0,17.23,1
2806,2807,59,793,1,0,6.42,1
2807,2808,59,793,1,0,0.68,1
2808,2809,59,793,1,0,7.62,1
2809,2810,59,794,1,0,0.94,1
2810,2811,59,794,1,0,12.24,1
2811,2812,59,794,1,0,0.19,1
2812,2813,59,794,1,0,1.12,1
2813,2814,59,794,1,0,2.92,1
2814,2815,59,794,1,0,28.48,1
2815,2816,59,795,1,0,8.82,1
2816,2817,59,795,1,0,9.28,1
2817,2818,59,795,1,0,41.63,1
2818,2819,59,796,1,1,6.25,1
2819,2820,59,796,1,1,4.19,1
2820,2821,59,796,1,1,10.71,1
2821,2822,59,796,1,1,0.94,1
2822,2823,59,796,1,1,0.77,1
2823,2824,59,797,1,1,1.63,1
2824,2825,59,797,1,1,8.18,1
2825,2826,59,797,1,1,0.63,1
2826,2827,59,797,1,1,1.32,1
2827,2828,59,797,1,1,0.68,1
2828,2829,59,797,1,1,0.9,1
2829,2830,59,797,1,1,8.16,1
2830,2831,59,798,1,1,4.69,1
2831,2832,59,798,1,1,0.53,1
2832,2833,59,798,1,1,1.27,1
2833,2834,59,798,1,1,0.97,1
2834,2835,59,799,1,1,0.98,1
2835,2836,59,799,1,1,8.87,1
2836,2837,59,799,1,1,0.96,1
2837,2838,59,799,1,1,1.19,1
2838,2839,60,801,0,0,4.25,1
2839,2840,60,801,0,0,65.72,1
2840,2841,60,802,0,0,14.96,1
2841,2842,60,802,0,0,30.87,1
2842,2843,60,804,0,1,14.97,1
2843,2844,60,804,0,1,58.3,1
2844,2845,60,804,0,1,72.65,1
2845,2846,60,804,0,1,40.56,1
2846,2847,60,805,0,1,33.53,1
2847,2848,60,806,0,1,49.02,1
2848,2849,60,807,0,1,1.01,1
2849,2850,60,808,1,0,14.83,1
2850,2851,60,810,1,0,48.12,1
2851,2852,60,810,1,0,10.29,1
2852,2853,60,811,1,0,12.79,1
2853,2854,60,812,1,1,13.77,1
2854,2855,60,812,1,1,1.15,1
2855,2856,60,812,1,1,17.58,1
2856,2857,60,812,1,1,0.92,1
2857,2858,60,812,1,1,10.3,1
2858,2859,60,812,1,1,20.55,1
2859,2860,60,812,1,1,0.77,1
2860,2861,60,812,1,1,1.39,1
2861,2862,60,812,1,1,13.08,1
2862,2863,60,812,1,1,10.99,1
2863,2864,60,812,1,1,22.52,1
2864,2865,60,813,1,1,30.99,1
2865,2866,60,813,1,1,28.45,1
2866,2867,60,814,1,1,45.92,1
2867,2868,60,814,1,1,5.18,1
2868,2869,60,814,1,1,0.58,1
2869,2870,60,814,1,1,12.08,1
2870,2871,60,814,1,1,7.21,1
2871,2872,60,814,1,1,31.89,1
2872,2873,60,814,1,1,20.62,1
2873,2874,60,814,1,1,1.87,1
2874,2875,60,814,1,1,3.8,1
2875,2876,60,814,1,1,24.65,1
2876,2877,60,814,1,1,16.34,1
2877,2878,60,814,1,1,6.95,1
2878,2879,60,815,1,1,1.13,1
2879,2880,60,815,1,1,62.11,1
2880,2881,61,816,0,0,4.58,1
2881,2882,61,817,0,0,0.83,1
2882,2883,61,817,0,0,13.73,1
2883,2884,61,817,0,0,15.49,1
2884,2885,61,817,0,0,0.67,1
2885,2886,61,817,0,0,0.94,1
2886,2887,61,817,0,0,0.55,1
2887,2888,61,817,0,0,4.38,1
2888,2889,61,817,0,0,0.2,1
2889,2890,61,817,0,0,0.71,1
2890,2891,61,818,0,0,1.62,1
2891,2892,61,818,0,0,11.95,1
2892,2893,61,819,0,0,11.69,1
2893,2894,61,819,0,0,10.66,1
2894,2895,61,820,0,1,0.95,1
2895,2896,61,820,0,1,2.48,1
2896,2897,61,820,0,1,2.73,1
2897,2898,61,820,0,1,0.71,1
2898,2899,61,820,0,1,0.11,1
2899,2900,61,821,0,1,4.45,1
2900,2901,61,821,0,1,2.82,1
2901,2902,61,822,0,1,1.21,1
2902,2903,61,822,0,1,8.51,1
2903,2904,61,822,0,1,4.87,1
2904,2905,61,822,0,1,1.03,1
2905,2906,61,822,0,1,1.6,1
2906,2907,61,822,0,1,2.25,1
2907,2908,61,822,0,1,0.52,1
2908,2909,61,823,0,1,14.05,1
2909,2910,61,823,0,1,10.12,1
2910,2911,61,823,0,1,0.8,1
2911,2912,61,824,1,0,4.4,1
2912,2913,61,824,1,0,0.99,1
2913,2914,61,824,1,0,9.62,1
2914,2915,61,825,1,0,2.66,1
2915,2916,61,825,1,0,9.12,1
2916,2917,61,825,1,0,4.16,1
2917,2918,61,826,1,0,10.51,1
2918,2919,61,827,1,0,28.81,1
2919,2920,61,827,1,0,0.77,1
2920,2921,61,827,1,0,0.9,1
2921,2922,61,827,1,0,43.56,1
2922,2923,61,828,1,1,53.73,1
2923,2924,61,829,1,1,6.69,1
2924,2925,61,829,1,1,0.67,1
2925,2926,61,829,1,1,12.13,1
2926,2927,61,829,1,1,2.63,1
2927,2928,61,829,1,1,3.63,1
2928,2929,61,829,1,1,17.01,1
2929,2930,61,830,1,1,34.68,1
2930,2931,61,830,1,1,5.96,1
2931,2932,61,830,1,1,7.17,1
2932,2933,61,831,1,1,9.03,1
2933,2934,61,831,1,1,0.55,1
2934,2935,61,831,1,1,15.41,1
2935,2936,62,832,0,0,1.21,1
2936,2937,62,832,0,0,0.66,1
2937,2938,62,832,0,0,0.21,1
2938,2939,62,832,0,0,0.72,1
2939,2940,62,833,0,0,0.5,1
2940,2941,62,833,0,0,0.85,1
2941,2942,62,833,0,0,0.39,1
2942,2943,62,833,0,0,0.78,1
2943,2944,62,833,0,0,0.62,1
2944,2945,62,833,0,0,0.52,1
2945,2946,62,833,0,0,0.9,1
2946,2947,62,834,0,0,0.88,1
2947,2948,62,835,0,0,3.51,1
2948,2949,62,835,0,0,0.45,1
2949,2950,62,835,0,0,0.5,1
2950,2951,62,835,0,0,0.76,1
2951,2952,62,835,0,0,0.61,1
2952,2953,62,835,0,0,0.42,1
2953,2954,62,835,0,0,7.03,1
2954,2955,62,835,0,0,0.65,1
2955,2956,62,835,0,0,5.92,1
2956,2957,62,836,0,1,0.29,1
2957,2958,62,836,0,1,0.6,1
2958,2959,62,836,0,1,0.46,1
2959,2960,62,836,0,1,0.7,1
2960,2961,62,836,0,1,0.47,1
2961,2962,62,836,0,1,0.86,1
2962,2963,62,836,0,1,0.42,1
2963,2964,62,836,0,1,0.57,1
2964,2965,62,837,0,1,0.77,1
2965,2966,62,837,0,1,0.33,1
2966,2967,62,837,0,1,0.6,1
2967,2968,62,837,0,1,0.86,1
2968,2969,62,838,0,1,0.49,1
2969,2970,62,838,0,1,0.93,1
2970,2971,62,838,0,1,0.88,1
2971,2972,62,838,0,1,0.23,1
2972,2973,62,838,0,1,0.68,1
2973,2974,62,838,0,1,1.1,1
2974,2975,62,838,0,1,0.47,1
2975,2976,62,838,0,1,0.47,1
2976,2977,62,838,0,1,0.76,1
2977,2978,62,839,0,1,0.73,1
2978,2979,62,839,0,1,0.63,1
2979,2980,62,839,0,1,0.33,1
2980,2981,62,839,0,1,0.62,1
2981,2982,62,839,0,1,0.59,1
2982,2983,62,839,0,1,0.88,1
2983,2984,62,840,1,0,0.56,1
2984,2985,62,840,1,0,0.45,1
2985,2986,62,840,1,0,0.67,1
2986,2987,62,840,1,0,0.77,1
2987,2988,62,840,1,0,0.17,1
2988,2989,62,840,1,0,0.57,1
2989,2990,62,840,1,0,0.51,1
2990,2991,62,840,1,0,0.46,1
2991,2992,62,840,1,0,0.16,1
2992,2993,62,840,1,0,0.47,1
2993,2994,62,840,1,0,0.87,1
2994,2995,62,840,1,0,0.66,1
2995,2996,62,840,1,0,0.66,1
2996,2997,62,840,1,0,0.39,1
2997,2998,62,840,1,0,0.24,1
2998,2999,62,840,1,0,0.13,1
2999,3000,62,840,1,0,0.79,1
3000,3001,62,840,1,0,0.64,1
3001,3002,62,840,1,0,0.34,1
3002,3003,62,840,1,0,0.81,1
3003,3004,62,841,1,0,1.3,1
3004,3005,62,841,1,0,0.71,1
3005,3006,62,842,1,0,0.58,1
3006,3007,62,842,1,0,0.54,1
3007,3008,62,842,1,0,0.91,1
3008,3009,62,842,1,0,0.57,1
3009,3010,62,842,1,0,0.64,1
3010,3011,62,842,1,0,0.25,1
3011,3012,62,842,1,0,0.85,1
3012,3013,62,842,1,0,0.93,1
3013,3014,62,843,1,0,0.43,1
3014,3015,62,843,1,0,1.25,1
3015,3016,62,843,1,0,17.64,1
3016,3017,62,844,1,1,5.16,1
3017,3018,62,844,1,1,3.51,1
3018,3019,62,844,1,1,0.84,1
3019,3020,62,844,1,1,0.4,1
3020,3021,62,844,1,1,0.68,1
3021,3022,62,844,1,1,0.75,1
3022,3023,62,844,1,1,1.06,1
3023,3024,62,844,1,1,0.76,1
3024,3025,62,844,1,1,0.74,1
3025,3026,62,845,1,1,0.67,1
3026,3027,62,845,1,1,1.16,1
3027,3028,62,845,1,1,0.86,1
3028,3029,62,845,1,1,0.95,1
3029,3030,62,845,1,1,0.96,1
3030,3031,62,845,1,1,1.0,1
3031,3032,62,845,1,1,0.7,1
3032,3033,62,845,1,1,1.94,1
3033,3034,62,845,1,1,0.38,1
3034,3035,62,845,1,1,0.21,1
3035,3036,62,845,1,1,1.41,1
3036,3037,62,845,1,1,0.67,1
3037,3038,62,845,1,1,0.49,1
3038,3039,62,845,1,1,0.32,1
3039,3040,62,845,1,1,0.43,1
3040,3041,62,845,1,1,0.54,1
3041,3042,62,845,1,1,0.64,1
3042,3043,62,845,1,1,0.14,1
3043,3044,62,845,1,1,13.26,1
3044,3045,62,846,1,1,0.52,1
3045,3046,62,846,1,1,0.94,1
3046,3047,62,846,1,1,0.8,1
3047,3048,62,846,1,1,0.96,1
3048,3049,62,846,1,1,55.46,1
3049,3050,62,847,1,1,2.92,1
3050,3051,62,847,1,1,45.1,1
3051,3052,62,847,1,1,12.03,1
3052,3053,63,848,0,0,0.66,1
3053,3054,63,848,0,0,0.72,1
3054,3055,63,848,0,0,2.03,1
3055,3056,63,848,0,0,0.95,1
3056,3057,63,848,0,0,0.66,1
3057,3058,63,849,0,0,0.29,1
3058,3059,63,849,0,0,0.76,1
3059,3060,63,849,0,0,3.27,1
3060,3061,63,850,0,0,0.48,1
3061,3062,63,850,0,0,0.9,1
3062,3063,63,850,0,0,0.77,1
3063,3064,63,850,0,0,1.06,1
3064,3065,63,850,0,0,0.59,1
3065,3066,63,850,0,0,1.13,1
3066,3067,63,850,0,0,22.08,1
3067,3068,63,851,0,0,11.46,1
3068,3069,63,851,0,0,8.8,1
3069,3070,63,851,0,0,14.57,1
3070,3071,63,852,0,1,0.53,1
3071,3072,63,852,0,1,0.97,1
3072,3073,63,852,0,1,0.77,1
3073,3074,63,852,0,1,6.35,1
3074,3075,63,852,0,1,9.64,1
3075,3076,63,852,0,1,2.28,1
3076,3077,63,852,0,1,1.44,1
3077,3078,63,852,0,1,13.2,1
3078,3079,63,852,0,1,2.07,1
3079,3080,63,853,0,1,1.14,1
3080,3081,63,853,0,1,2.01,1
3081,3082,63,853,0,1,11.59,1
3082,3083,63,853,0,1,0.74,1
3083,3084,63,853,0,1,1.35,1
3084,3085,63,854,0,1,1.1,1
3085,3086,63,854,0,1,16.88,1
3086,3087,63,854,0,1,1.14,1
3087,3088,63,855,0,1,20.24,1
3088,3089,63,856,1,0,0.84,1
3089,3090,63,856,1,0,3.2,1
3090,3091,63,856,1,0,6.44,1
3091,3092,63,856,1,0,2.48,1
3092,3093,63,856,1,0,6.27,1
3093,3094,63,857,1,0,25.35,1
3094,3095,63,857,1,0,8.74,1
3095,3096,63,857,1,0,0.67,1
3096,3097,63,857,1,0,0.48,1
3097,3098,63,857,1,0,0.6,1
3098,3099,63,858,1,0,3.24,1
3099,3100,63,858,1,0,0.85,1
3100,3101,63,858,1,0,10.84,1
3101,3102,63,858,1,0,0.62,1
3102,3103,63,858,1,0,0.45,1
3103,3104,63,858,1,0,0.38,1
3104,3105,63,859,1,0,14.39,1
3105,3106,63,860,1,1,1.07,1
3106,3107,63,860,1,1,4.13,1
3107,3108,63,860,1,1,0.65,1
3108,3109,63,860,1,1,13.43,1
3109,3110,63,861,1,1,1.23,1
3110,3111,63,861,1,1,1.03,1
3111,3112,63,861,1,1,0.67,1
3112,3113,63,861,1,1,14.31,1
3113,3114,63,862,1,1,1.07,1
3114,3115,63,862,1,1,1.11,1
3115,3116,63,862,1,1,0.93,1
3116,3117,63,862,1,1,23.76,1
3117,3118,63,862,1,1,1.18,1
3118,3119,63,863,1,1,0.49,1
3119,3120,63,863,1,1,0.76,1
3120,3121,63,863,1,1,0.43,1
3121,3122,63,863,1,1,1.94,1
3122,3123,63,863,1,1,13.38,1
