DateTime;posX;posY;posZ;rotX;rotY;rotZ;taskState;mapInteractions
2023-10-27 14:25:01.474;60.59096;1.304999;-949.4;0;0;0;;
2023-10-27 14:25:01.948;60.59367;1.304999;-949.4;0;0;0;;
2023-10-27 14:25:02.448;60.5963;1.304999;-949.4;0;0;0;;
2023-10-27 14:25:02.955;60.59894;1.304999;-949.4;0;0;0;;
2023-10-27 14:25:03.456;60.60155;1.304999;-949.4;0;0;0;;
2023-10-27 14:25:03.534;60.60196;1.304999;-949.4;0;0;0;;mapLog:isScreenLocked+False
2023-10-27 14:25:03.572;60.60216;1.304999;-949.4;0;0;0;;mapLog:positionXYZ+-560.2145+100+-863.2376
2023-10-27 14:25:03.966;60.6042;1.304999;-949.4;0;0;0;;
2023-10-27 14:25:04.473;60.60686;1.304999;-949.4;0;0;0;;
2023-10-27 14:25:04.975;60.60945;1.304999;-949.4;0;0;0;;
2023-10-27 14:25:05.478;60.61208;1.304999;-949.4;0;0;0;;
2023-10-27 14:25:05.980;60.61472;1.304999;-949.4;0;0;0;;
2023-10-27 14:25:06.021;60.61491;1.304999;-949.4;0;0;0;DEBUG_IGNORE_ME: GameStart::scenario_selected.gameTasks.Count = 6;
2023-10-27 14:25:06.059;60.6151;1.304999;-949.4;0;0;0;DEBUG_IGNORE_ME: GameStart::scenario_selected.gameTasks.Count = 5;
2023-10-27 14:25:06.098;60.61531;1.304999;-949.4;0;0;0;DEBUG_IGNORE_ME: GameStart::scenario_selected.gameTasks.Count = 4;
2023-10-27 14:25:06.483;60.61732;1.304999;-949.4;0;0;0;;
2023-10-27 14:25:06.985;60.61995;1.304999;-949.4;0;0;0;;
2023-10-27 14:25:07.490;60.62259;1.304999;-949.4;0;0;0;;
2023-10-27 14:25:07.990;60.62518;1.304999;-949.4;0;0;0;;
2023-10-27 14:25:08.494;60.62779;1.304999;-949.4;0;0;0;;
2023-10-27 14:25:09.004;60.63045;1.304999;-949.4;0;0;0;;
2023-10-27 14:25:09.512;60.6331;1.304999;-949.4;0;0;0;;
2023-10-27 14:25:10.016;60.63573;1.304999;-949.4;0;0;0;;
2023-10-27 14:25:10.521;60.63837;1.304999;-949.4;0;0;0;;
2023-10-27 14:25:11.025;60.64098;1.304999;-949.4;0;0;0;;
2023-10-27 14:25:11.452;60.64322;1.304999;-949.4;0;0;0;;mapLog:positionXYZ+-560.2145+100+-863.2376
2023-10-27 14:25:11.530;60.64363;1.304999;-949.4;0;0;0;;mapLog:positionXYZ+-560.2145+100+-861.7923
2023-10-27 14:25:11.531;60.64363;1.304999;-949.4;0;0;0;;
2023-10-27 14:25:12.036;60.64622;1.304999;-949.4;0;0;0;;
2023-10-27 14:25:12.540;60.6489;1.304999;-949.4;0;0;0;;
2023-10-27 14:25:13.043;60.6515;1.304999;-949.4;0;0;0;;
2023-10-27 14:25:13.546;60.6541;1.304999;-949.4;0;0;0;;
2023-10-27 14:25:14.062;60.65681;1.304999;-949.4;0;0;0;;
2023-10-27 14:25:14.566;60.65944;1.304999;-949.4;0;0;0;;
2023-10-27 14:25:15.069;60.66203;1.304999;-949.4;0;0;0;;
2023-10-27 14:25:15.571;60.66467;1.304999;-949.4;0;0;0;;
2023-10-27 14:25:16.072;60.66728;1.304999;-949.4;0;0;0;;
2023-10-27 14:25:16.570;60.66988;1.304999;-949.4;0;0;0;;
2023-10-27 14:25:17.108;60.6727;1.304999;-949.4;0;0;0;;
2023-10-27 14:25:17.609;60.67531;1.304999;-949.4;0;0;0;;
2023-10-27 14:25:18.148;60.67812;1.304999;-949.4;0;0;0;;
2023-10-27 14:25:18.649;60.68073;1.304999;-949.4;0;0;0;;
2023-10-27 14:25:19.163;60.6834;1.304999;-949.4;0;0;0;;
2023-10-27 14:25:19.664;60.68599;1.304999;-949.4;0;0;0;;
2023-10-27 14:25:20.165;60.65875;1.305005;-949.3711;0;0;0;;
2023-10-27 14:25:20.594;60.28957;1.305018;-949.1901;0;0;0;;mapLog:positionXYZ+-560.2145+100+-861.7923
2023-10-27 14:25:20.671;60.25314;1.305018;-949.1877;0;0;0;;
2023-10-27 14:25:20.749;60.23787;1.305018;-949.1886;0;0;0;;mapLog:positionXYZ+-561.0934+100+-859.6243
2023-10-27 14:25:21.175;60.23988;1.304999;-949.1886;0;0;0;;
2023-10-27 14:25:21.678;60.24254;1.304999;-949.1886;0;0;0;;
2023-10-27 14:25:22.179;60.24515;1.304999;-949.1886;0;0;0;;
2023-10-27 14:25:22.682;60.24776;1.304999;-949.1886;0;0;0;;
2023-10-27 14:25:23.219;60.25055;1.304999;-949.1886;0;0;0;;
2023-10-27 14:25:23.722;60.25317;1.304999;-949.1886;0;0;0;;
2023-10-27 14:25:24.234;60.25584;1.304999;-949.1886;0;0;0;;
2023-10-27 14:25:24.735;60.25844;1.304999;-949.1886;0;0;0;;
2023-10-27 14:25:25.236;60.26103;1.304999;-949.1886;0;0;0;;
2023-10-27 14:25:25.738;60.26369;1.304999;-949.1886;0;0;0;;
2023-10-27 14:25:26.245;60.2663;1.304999;-949.1886;0;0;0;;
2023-10-27 14:25:26.473;60.2675;1.304999;-949.1886;0;0;0;;mapLog:positionXYZ+-561.0934+100+-859.6243
2023-10-27 14:25:26.589;60.26811;1.304999;-949.1886;0;0;0;taskAccepted;
2023-10-27 14:25:26.629;60.26833;1.304999;-949.1886;0;0;0;;mapLog:positionXYZ+-561.9723+100+-860.347
2023-10-27 14:25:26.746;60.26892;1.304999;-949.1886;0;0;0;;
2023-10-27 14:25:27.251;60.27156;1.304999;-949.1886;0;0;0;;
2023-10-27 14:25:27.718;60.274;1.304999;-949.1886;0;0;0;;mapLog:positionXYZ+-561.9723+100+-860.347
2023-10-27 14:25:27.756;60.27419;1.304999;-949.1886;0;0;0;;
2023-10-27 14:25:28.262;60.27684;1.304999;-949.1886;0;0;0;;
2023-10-27 14:25:28.768;60.27948;1.304999;-949.1886;0;0;0;;
2023-10-27 14:25:29.008;60.28073;1.304999;-949.1886;0;0;0;;mapLog:zoom+830.6229+rotationXYZ+90+2.484419+0
2023-10-27 14:25:29.245;60.28194;1.304999;-949.1886;0;0;0;;mapLog:positionXYZ+-561.9723+100+-860.347
2023-10-27 14:25:29.285;60.28212;1.304999;-949.1886;0;0;0;;
2023-10-27 14:25:29.788;60.28479;1.304999;-949.1886;0;0;0;;mapLog:positionXYZ+-1137.544+100+-939.0152
2023-10-27 14:25:29.788;60.28479;1.304999;-949.1886;0;0;0;;
2023-10-27 14:25:29.943;60.28557;1.304999;-949.1886;0;0;0;;mapLog:positionXYZ+-1137.544+100+-939.0152
2023-10-27 14:25:30.175;60.28679;1.304999;-949.1886;0;0;0;;mapLog:positionXYZ+-687.4278+100+-846.6425
2023-10-27 14:25:30.291;60.2874;1.304999;-949.1886;0;0;0;;
2023-10-27 14:25:30.408;60.28802;1.304999;-949.1886;0;0;0;;mapLog:positionXYZ+-687.4278+100+-846.6425
2023-10-27 14:25:30.561;60.2888;1.304999;-949.1886;0;0;0;;mapLog:positionXYZ+-100.3564+100+-881.8779
2023-10-27 14:25:30.794;60.28999;1.304999;-949.1886;0;0;0;;mapLog:positionXYZ+-100.3564+100+-881.8779
2023-10-27 14:25:30.795;60.28999;1.304999;-949.1886;0;0;0;;
2023-10-27 14:25:31.221;60.29224;1.304999;-949.1886;0;0;0;;mapLog:positionXYZ+3.496688+100+-989.2743
2023-10-27 14:25:31.298;60.29266;1.304999;-949.1886;0;0;0;;
2023-10-27 14:25:31.454;60.29344;1.304999;-949.1886;0;0;0;;mapLog:positionXYZ+3.496688+100+-989.2743
2023-10-27 14:25:31.802;60.29527;1.304999;-949.1886;0;0;0;;
2023-10-27 14:25:32.308;60.29791;1.304999;-949.1886;0;0;0;;
2023-10-27 14:25:32.734;60.30013;1.304999;-949.1886;0;0;0;;mapLog:zoom+131.6992+rotationXYZ+90+282.2704+0
2023-10-27 14:25:32.812;60.30052;1.304999;-949.1886;0;0;0;;
2023-10-27 14:25:33.044;60.30174;1.304999;-949.1886;0;0;0;;mapLog:zoom+162.5356+rotationXYZ+90+282.2704+0
2023-10-27 14:25:33.316;60.30315;1.304999;-949.1886;0;0;0;;
2023-10-27 14:25:33.824;60.3058;1.304999;-949.1886;0;0;0;;
2023-10-27 14:25:34.220;60.30788;1.304999;-949.1886;0;0;0;;mapLog:positionXYZ+6.665999+100+-988.4679
2023-10-27 14:25:34.336;60.30846;1.304999;-949.1886;0;0;0;;
2023-10-27 14:25:34.840;60.3111;1.304999;-949.1886;0;0;0;;
2023-10-27 14:25:35.032;60.31209;1.304999;-949.1886;0;0;0;;mapLog:positionXYZ+6.665999+100+-988.4679
2023-10-27 14:25:35.071;60.3123;1.304999;-949.1886;0;0;0;;mapLog:MapButtonPoiClick+PoiClick_Cafécity
2023-10-27 14:25:35.110;60.3125;1.304999;-949.1886;0;0;0;;mapLog:positionXYZ+6.380805+100+-989.3742
2023-10-27 14:25:35.344;60.31371;1.304999;-949.1886;0;0;0;;
2023-10-27 14:25:35.846;60.31633;1.304999;-949.1886;0;0;0;;
2023-10-27 14:25:36.311;60.31876;1.304999;-949.1886;0;0;0;;mapLog:positionXYZ+6.380805+100+-989.3742
2023-10-27 14:25:36.351;60.31897;1.304999;-949.1886;0;0;0;;
2023-10-27 14:25:36.391;60.31917;1.304999;-949.1886;0;0;0;setNavigationTarget:Cafécity;
2023-10-27 14:25:36.393;60.31917;1.304999;-949.1886;0;0;0;;mapLog:MapButtonPoiClick+buttonOnFollowPlayer
2023-10-27 14:25:36.426;60.31935;1.304999;-949.1886;0;0;0;;mapLog:MapButtonPoiClick+PoiClick_choseYES_Cafécity
2023-10-27 14:25:36.465;60.31955;1.304999;-949.1886;0;0;0;;mapLog:positionXYZ+59.76955+100+-948.5727
2023-10-27 14:25:36.853;60.32158;1.304999;-949.1886;0;0;0;;
2023-10-27 14:25:37.358;60.32423;1.304999;-949.1886;0;0;0;;
2023-10-27 14:25:37.863;60.32686;1.304999;-949.1886;0;359.609;0;;
2023-10-27 14:25:38.366;60.32954;1.304999;-949.1886;0;352.4871;0;;
2023-10-27 14:25:38.885;60.33234;1.304999;-949.1886;0;343.648;0;;
2023-10-27 14:25:39.427;60.33516;1.304999;-949.1886;0;334.4689;0;;
2023-10-27 14:25:39.934;60.16223;1.304999;-948.9056;0;327.7435;0;;
2023-10-27 14:25:40.445;59.33963;1.304999;-947.6193;0;326.4425;0;;
2023-10-27 14:25:40.961;58.63843;1.304999;-946.658;0;319.1126;0;;
2023-10-27 14:25:41.489;57.93233;1.298347;-945.9633;0;310.1035;0;;
2023-10-27 14:25:42.010;56.77931;1.155;-945.1316;0;301.9397;0;;
2023-10-27 14:25:42.547;55.39632;1.155;-944.3547;0;297.0414;0;;
2023-10-27 14:25:42.926;54.37527;1.155;-943.8533;0;295.4444;0;;mapLog:positionXYZ+55.39632+100+-944.3547
2023-10-27 14:25:43.052;54.02327;1.155;-943.6873;0;295.1029;0;;
2023-10-27 14:25:43.577;52.60608;1.155;-943.0428;0;293.8873;0;;
2023-10-27 14:25:44.115;51.12259;1.155;-942.3998;0;292.8995;0;;
2023-10-27 14:25:44.282;50.65306;1.155;-942.2034;0;292.5307;0;;mapLog:zoom+418.2372+rotationXYZ+89.96043+285.2368+0
2023-10-27 14:25:44.323;50.54239;1.155;-942.1575;0;292.4373;0;;mapLog:positionXYZ+58.97974+99.9991+-936.9491
2023-10-27 14:25:44.642;49.65465;1.155;-941.7974;0;291.6874;0;;
2023-10-27 14:25:45.169;48.16431;1.155;-941.2533;0;287.1237;0;;
2023-10-27 14:25:45.689;46.64726;1.155;-940.9093;0;278.3486;0;;
2023-10-27 14:25:46.192;45.15598;1.155;-940.7827;0;271.7108;0;;
2023-10-27 14:25:46.709;43.59935;1.155;-940.8121;0;266.9066;0;;
2023-10-27 14:25:47.226;42.07509;1.155;-940.9098;0;266.2226;0;;
2023-10-27 14:25:47.744;40.52118;1.155;-941.0114;0;266.2226;0;;
2023-10-27 14:25:48.268;38.93715;1.155;-941.1149;0;266.2226;0;;
2023-10-27 14:25:48.783;37.41301;1.155;-941.2145;0;266.2226;0;;
2023-10-27 14:25:49.306;35.85893;1.155;-941.316;0;266.2226;0;;
2023-10-27 14:25:49.830;34.30228;1.304999;-941.3641;0;266.2226;0;;
2023-10-27 14:25:50.194;33.22623;1.304076;-941.4344;0;266.2226;0;;mapLog:positionXYZ+58.97974+99.9991+-936.9491
2023-10-27 14:25:50.342;32.77884;1.286852;-941.4657;0;266.2226;0;;
2023-10-27 14:25:50.634;31.9133;1.270188;-941.5245;0;266.2226;0;;mapLog:positionXYZ+-92.10839+100.0764+-999.9943
2023-10-27 14:25:50.855;31.256;1.283269;-941.5675;0;266.2226;0;;
2023-10-27 14:25:51.081;30.56956;1.304665;-941.6119;0;266.2226;0;;mapLog:positionXYZ+-92.10839+100.0764+-999.9943
2023-10-27 14:25:51.372;29.70293;1.304999;-941.6686;0;266.2226;0;;
2023-10-27 14:25:51.880;28.17886;1.304999;-941.7682;0;266.2226;0;;
2023-10-27 14:25:52.387;26.65466;1.304999;-941.8678;0;266.2226;0;;
2023-10-27 14:25:52.784;25.48915;1.304999;-941.944;0;266.2226;0;;mapLog:zoom+427.7458+rotationXYZ+89.97203+282.581+0
2023-10-27 14:25:52.856;25.27992;1.304999;-941.9576;0;266.2226;0;;mapLog:positionXYZ+-94.29075+100.0823+-961.2766
2023-10-27 14:25:52.892;25.16035;1.304999;-941.9655;0;266.2226;0;;
2023-10-27 14:25:53.405;23.63617;1.304999;-942.0651;0;266.2226;0;;mapLog:positionXYZ+-94.29075+100.0823+-961.2766
2023-10-27 14:25:53.406;23.63617;1.304999;-942.0651;0;266.2226;0;;
2023-10-27 14:25:53.735;22.64992;1.304999;-942.1295;0;266.2226;0;;mapLog:positionXYZ+-153.8168+100.1138+-1018.675
2023-10-27 14:25:53.925;22.08199;1.304999;-942.1666;0;266.2226;0;;
2023-10-27 14:25:54.441;20.52782;1.304999;-942.2682;0;266.2226;0;;
2023-10-27 14:25:54.513;20.31863;1.304999;-942.2819;0;266.2226;0;;mapLog:positionXYZ+-153.8168+100.1138+-1018.675
2023-10-27 14:25:54.975;18.94379;1.304999;-942.3717;0;266.2226;0;;
2023-10-27 14:25:55.467;17.44943;1.304999;-942.4694;0;266.2226;0;;mapLog:zoom+203.6548+rotationXYZ+89.97203+261.5284+0
2023-10-27 14:25:55.502;17.35974;1.304999;-942.4752;0;266.2226;0;;
2023-10-27 14:25:56.032;15.7756;1.304999;-942.5787;0;266.2226;0;;
2023-10-27 14:25:56.532;14.28119;1.304999;-942.6764;0;266.2226;0;;
2023-10-27 14:25:56.964;12.9959;1.304999;-942.7604;0;266.2226;0;;mapLog:positionXYZ+-153.8168+100.1138+-1018.675
2023-10-27 14:25:57.036;12.78667;1.304999;-942.774;0;266.2226;0;;
2023-10-27 14:25:57.402;11.68068;1.304999;-942.8463;0;266.2226;0;;mapLog:positionXYZ+-106.4336+100.1138+-997.1405
2023-10-27 14:25:57.549;11.23236;1.304999;-942.8756;0;266.2226;0;;
2023-10-27 14:25:58.066;9.707764;1.304999;-942.9752;0;266.2226;0;;
2023-10-27 14:25:58.593;8.123566;1.304999;-943.0787;0;266.2226;0;;
2023-10-27 14:25:59.095;6.628845;1.304999;-943.1764;0;266.2226;0;;
2023-10-27 14:25:59.600;5.104324;1.304999;-943.276;0;266.2226;0;;
2023-10-27 14:26:00.114;3.579575;1.304999;-943.3756;0;266.2226;0;;
2023-10-27 14:26:00.629;2.024887;1.304999;-943.4772;0;266.2226;0;;
2023-10-27 14:26:01.147;0.5000458;1.304999;-943.5768;0;266.2226;0;;
2023-10-27 14:26:01.648;-1.024826;1.304999;-943.6765;0;266.2226;0;;
2023-10-27 14:26:02.169;-2.579666;1.304999;-943.7788;0;266.2226;0;;
2023-10-27 14:26:02.684;-4.10466;1.304999;-943.8792;0;266.2226;0;;
2023-10-27 14:26:03.185;-5.599731;1.304999;-943.9773;0;266.2226;0;;
2023-10-27 14:26:03.685;-7.094864;1.304999;-944.0757;0;266.2226;0;;
2023-10-27 14:26:04.192;-8.619888;1.304999;-944.176;0;266.2226;0;;
2023-10-27 14:26:04.705;-10.14503;1.304999;-944.2761;0;266.2226;0;;
2023-10-27 14:26:05.219;-11.69998;1.304999;-944.3784;0;266.2226;0;;
2023-10-27 14:26:05.733;-13.22492;1.304999;-944.4788;0;266.2226;0;;
2023-10-27 14:26:06.248;-14.77976;1.304999;-944.5808;0;266.2226;0;;
2023-10-27 14:26:06.762;-16.30479;1.305;-944.6812;0;266.2226;0;;
2023-10-27 14:26:07.267;-17.82985;1.305;-944.7815;0;266.2226;0;;
2023-10-27 14:26:07.771;-19.32491;1.305;-944.8796;0;266.2226;0;;
2023-10-27 14:26:07.827;-19.50435;1.305;-944.8915;0;266.2226;0;;mapLog:isScreenLocked+True
2023-10-27 14:26:08.274;-20.82009;1.305;-944.9785;0;266.1653;0;;
2023-10-27 14:26:08.777;-22.344;1.305;-945.0978;0;265.056;0;;
2023-10-27 14:26:08.873;-22.61259;1.305;-945.1224;0;264.7574;0;;mapLog:isScreenLocked+False
2023-10-27 14:26:08.892;-22.67226;1.305;-945.1281;0;264.6824;0;;mapLog:positionXYZ+-111.1374+100.1138+-998.0934
2023-10-27 14:26:09.291;-23.86324;1.305;-945.2631;0;261.8979;0;;
2023-10-27 14:26:09.799;-25.36069;1.305;-945.5668;0;254.7649;0;;
2023-10-27 14:26:10.313;-26.8073;1.410843;-946.0262;0;247.7153;0;;
2023-10-27 14:26:10.826;-28.20974;1.410844;-946.7081;0;240.4677;0;;
2023-10-27 14:26:11.334;-29.47075;1.410844;-947.5201;0;234.0313;0;;
2023-10-27 14:26:11.846;-30.68106;1.410844;-948.5045;0;227.9215;0;;
2023-10-27 14:26:12.356;-31.78853;1.410844;-949.5614;0;225.1198;0;;
2023-10-27 14:26:12.865;-32.82872;1.410844;-950.6434;0;222.8143;0;;
2023-10-27 14:26:13.375;-33.86025;1.410844;-951.775;0;222.2696;0;;
2023-10-27 14:26:13.888;-34.896;1.410843;-952.9429;0;221.2364;0;;
2023-10-27 14:26:14.390;-35.88477;1.410843;-954.072;0;221.2364;0;;
2023-10-27 14:26:14.891;-36.86755;1.305;-955.2021;0;221.3163;0;;
2023-10-27 14:26:15.404;-37.89124;1.304999;-956.3408;0;223.4798;0;;
2023-10-27 14:26:15.910;-38.97514;1.304999;-957.4224;0;226.3033;0;;
2023-10-27 14:26:16.411;-40.05909;1.304999;-958.4601;0;226.3944;0;;
2023-10-27 14:26:16.922;-41.16541;1.304999;-959.5184;0;226.3944;0;;
2023-10-27 14:26:17.428;-42.26947;1.250094;-960.5768;0;226.3944;0;;
2023-10-27 14:26:17.942;-43.37532;1.155;-961.6351;0;226.3944;0;;
2023-10-27 14:26:18.446;-44.48175;1.155;-962.6935;0;226.3944;0;;
2023-10-27 14:26:18.961;-45.58813;1.155;-963.7518;0;226.3944;0;;
2023-10-27 14:26:19.031;-45.74005;1.155;-963.8971;0;226.3944;0;;mapLog:isScreenLocked+True
2023-10-27 14:26:19.466;-46.69458;1.155;-964.8102;0;226.3944;0;;
2023-10-27 14:26:19.974;-47.77937;1.155;-965.8478;0;226.3944;0;;
2023-10-27 14:26:20.481;-48.88585;1.155;-966.9061;0;226.3944;0;;
2023-10-27 14:26:20.993;-49.99231;1.155;-967.9645;0;226.3944;0;;
2023-10-27 14:26:21.507;-51.1196;1.155;-969.0444;0;226.0683;0;;
2023-10-27 14:26:21.771;-51.67654;1.155;-969.5918;0;225.1043;0;;mapLog:isScreenLocked+False
2023-10-27 14:26:21.805;-51.76136;1.155;-969.6769;0;224.917;0;;mapLog:positionXYZ+-111.1419+100.1138+-998.112
2023-10-27 14:26:22.015;-52.18062;1.155;-970.1071;0;223.788;0;;
2023-10-27 14:26:22.530;-53.23199;1.155;-971.262;0;221.1947;0;;
2023-10-27 14:26:23.033;-54.21547;1.155;-972.397;0;221.0169;0;;
2023-10-27 14:26:23.533;-55.20184;1.155;-973.5299;0;221.7019;0;;
2023-10-27 14:26:24.043;-56.24913;1.155;-974.6476;0;225.0963;0;;
2023-10-27 14:26:24.551;-57.37128;1.155;-975.6897;0;229.3852;0;;
2023-10-27 14:26:25.068;-58.52549;1.305821;-976.6683;0;233.2363;0;;
2023-10-27 14:26:25.581;-59.78519;1.305603;-977.538;0;238.0534;0;;
2023-10-27 14:26:26.103;-61.13104;1.305361;-978.3279;0;241.4622;0;;
2023-10-27 14:26:26.608;-62.49467;1.305113;-979.0222;0;245.1041;0;;
2023-10-27 14:26:27.111;-63.86978;1.305;-979.6218;0;248.1077;0;;
2023-10-27 14:26:27.623;-65.30236;1.305;-980.1595;0;250.8562;0;;
2023-10-27 14:26:28.140;-66.78723;1.305;-980.6387;0;254.2794;0;;
2023-10-27 14:26:28.657;-68.30566;1.305;-980.9954;0;259.4412;0;;
2023-10-27 14:26:29.173;-69.81627;1.305;-981.239;0;261.4537;0;;
2023-10-27 14:26:29.698;-71.38841;1.305;-981.4784;0;261.4537;0;;
2023-10-27 14:26:30.212;-72.90123;1.350443;-981.6865;0;261.4537;0;;
2023-10-27 14:26:30.730;-74.44464;1.404777;-981.8998;0;262.1007;0;;
2023-10-27 14:26:31.247;-75.9928;1.410843;-982.0929;0;263.9635;0;;
2023-10-27 14:26:31.763;-77.51755;1.410843;-982.2206;0;266.614;0;;
2023-10-27 14:26:32.127;-78.62643;1.410843;-982.2714;0;268.2527;0;;mapLog:isScreenLocked+True
2023-10-27 14:26:32.277;-79.07634;1.410843;-982.2836;0;268.805;0;;
2023-10-27 14:26:32.797;-80.63646;1.410843;-982.2921;0;270.6801;0;;
2023-10-27 14:26:33.313;-82.16611;1.410843;-982.2548;0;272.1471;0;;
2023-10-27 14:26:33.835;-83.72469;1.410843;-982.1864;0;272.7631;0;;
2023-10-27 14:26:34.340;-85.25303;1.410843;-982.1117;0;272.7631;0;;
2023-10-27 14:26:34.860;-86.81135;1.410843;-982.0355;0;272.7631;0;;
2023-10-27 14:26:35.342;-88.25026;1.410516;-981.9767;0;271.1556;0;;mapLog:isScreenLocked+False
2023-10-27 14:26:35.364;-88.31026;1.410482;-981.9756;0;270.9514;0;;
2023-10-27 14:26:35.386;-88.37026;1.410456;-981.9747;0;270.7415;0;;mapLog:positionXYZ+-116.3317+100.1138+-996.9848
2023-10-27 14:26:35.885;-89.86859;1.410843;-982.0354;0;264.2474;0;;
2023-10-27 14:26:36.392;-91.37424;1.410843;-982.3021;0;255.5909;0;;
2023-10-27 14:26:36.910;-92.85031;1.410843;-982.8046;0;246.7511;0;;
2023-10-27 14:26:37.413;-94.18096;1.410843;-983.4961;0;238.2511;0;;
2023-10-27 14:26:37.923;-95.41791;1.410843;-984.3961;0;229.5813;0;;
2023-10-27 14:26:38.427;-96.50533;1.410843;-985.4725;0;220.9114;0;;
2023-10-27 14:26:38.935;-97.40229;1.410843;-986.6748;0;212.4115;0;;
2023-10-27 14:26:39.440;-98.12407;1.410843;-988.024;0;203.7416;0;;
2023-10-27 14:26:39.944;-98.63518;1.410843;-989.4347;0;196.8368;0;;
2023-10-27 14:26:40.449;-99.05983;1.410843;-990.906;0;195.3514;0;;
2023-10-27 14:26:40.953;-99.12125;1.410856;-992.3706;0;189.4929;0;;
2023-10-27 14:26:41.460;-99.12068;1.41086;-993.8904;0;185.2126;0;;
2023-10-27 14:26:41.971;-99.12044;1.410861;-995.4169;0;183.4116;0;;
2023-10-27 14:26:42.478;-99.12042;1.410861;-996.9484;0;183.2715;0;;
2023-10-27 14:26:42.981;-99.12042;1.410861;-998.4498;0;183.2715;0;;
2023-10-27 14:26:43.491;-99.12042;1.410861;-999.9813;0;183.2715;0;;
2023-10-27 14:26:43.994;-99.12042;1.410861;-1001.483;0;183.2715;0;;
2023-10-27 14:26:44.496;-99.12041;1.410861;-1003.014;0;183.2715;0;;
2023-10-27 14:26:44.997;-99.12041;1.410861;-1004.516;0;183.2715;0;;
2023-10-27 14:26:45.504;-99.12041;1.410861;-1006.017;0;183.2715;0;;
2023-10-27 14:26:45.802;-99.12041;1.410861;-1006.918;0;183.2715;0;;mapLog:isScreenLocked+True
2023-10-27 14:26:46.005;-99.12041;1.410861;-1007.519;0;183.2715;0;;
2023-10-27 14:26:46.512;-99.12041;1.410861;-1009.05;0;183.2715;0;;
2023-10-27 14:26:46.840;-99.12041;1.410861;-1010.041;0;183.2715;0;;mapLog:isScreenLocked+False
2023-10-27 14:26:46.872;-99.12041;1.410861;-1010.131;0;183.2715;0;;mapLog:positionXYZ+-117.2292+100.1138+-997.339
2023-10-27 14:26:47.020;-99.12041;1.410861;-1010.582;0;183.2715;0;;
2023-10-27 14:26:47.522;-99.12041;1.410861;-1012.083;0;183.2715;0;;
2023-10-27 14:26:48.034;-99.12041;1.410861;-1013.615;0;183.2715;0;;
2023-10-27 14:26:48.559;-99.12041;1.410865;-1015.206;0;183.2715;0;;
2023-10-27 14:26:49.076;-99.12041;1.410866;-1016.768;0;183.2715;0;;
2023-10-27 14:26:49.584;-99.14181;1.377016;-1018.267;0;186.084;0;;
2023-10-27 14:26:50.110;-99.42873;1.304999;-1019.825;0;195.0939;0;;
2023-10-27 14:26:50.646;-99.82209;1.304999;-1020.971;0;204.1038;0;;
2023-10-27 14:26:51.175;-100.324;1.304999;-1021.897;0;213.1137;0;;
2023-10-27 14:26:51.687;-100.9266;1.304999;-1022.691;0;221.9536;0;;
2023-10-27 14:26:52.199;-101.5959;1.304999;-1023.339;0;230.6234;0;;
2023-10-27 14:26:52.702;-102.7755;1.284558;-1024.17;0;239.1231;0;;
2023-10-27 14:26:53.207;-104.1134;1.155;-1024.835;0;247.6229;0;;
2023-10-27 14:26:53.712;-105.5654;1.155;-1025.314;0;256.2926;0;;
2023-10-27 14:26:54.256;-107.1621;1.155;-1025.578;0;265.4731;0;;
2023-10-27 14:26:54.776;-108.7199;1.155;-1025.588;0;274.3137;0;;
2023-10-27 14:26:55.284;-110.2307;1.155;-1025.365;0;282.9844;0;;
2023-10-27 14:26:55.785;-111.6622;1.155;-1024.927;0;291.4848;0;;
2023-10-27 14:26:56.296;-113.0384;1.23919;-1024.313;0;300.1554;0;;
2023-10-27 14:26:56.809;-114.3234;1.414362;-1023.503;0;308.996;0;;
2023-10-27 14:26:57.233;-115.2518;1.305;-1022.656;0;316.1364;0;;mapLog:isScreenLocked+True
2023-10-27 14:26:57.342;-115.4768;1.305;-1022.416;0;318.0065;0;;
2023-10-27 14:26:57.707;-116.1739;1.305;-1021.557;0;324.1511;0;;mapLog:isScreenLocked+False
2023-10-27 14:26:57.848;-116.4115;1.305;-1021.22;0;325.7057;0;;
2023-10-27 14:26:58.364;-116.7123;1.305;-1020.777;0;326.3353;0;;
2023-10-27 14:26:58.877;-116.7119;1.305;-1020.783;0;326.3353;0;;
2023-10-27 14:26:59.359;-116.7124;1.305;-1020.787;0;326.3353;0;;mapLog:positionXYZ+-117.2292+100.1138+-997.339
2023-10-27 14:26:59.393;-116.7125;1.305;-1020.787;0;326.3353;0;checkedIn:Cafécity;
2023-10-27 14:26:59.394;-116.7125;1.305;-1020.787;0;326.3353;0;DEBUG_IGNORE_ME: scenario_selected.gameTasks.Count = 3;
2023-10-27 14:26:59.394;-116.7125;1.305;-1020.787;0;326.3353;0;;
2023-10-27 14:26:59.427;-116.7125;1.305;-1020.788;0;326.3353;0;;mapLog:positionXYZ+-123.3841+100.1138+-994.7269
2023-10-27 14:26:59.528;-116.713;1.305;-1020.788;0;326.3353;0;DEBUG_IGNORE_ME: GameStart::scenario_selected.gameTasks.Count = 3;
2023-10-27 14:26:59.901;-116.721;1.305;-1020.779;0;326.3353;0;;
2023-10-27 14:27:00.407;-116.7552;1.305;-1020.733;0;326.3353;0;;
2023-10-27 14:27:00.917;-116.8126;1.305;-1020.651;0;326.3353;0;;
2023-10-27 14:27:01.428;-116.864;1.305;-1020.579;0;326.3353;0;;
2023-10-27 14:27:01.939;-116.8636;1.305;-1020.585;0;326.3353;0;;
2023-10-27 14:27:02.450;-116.8633;1.305;-1020.591;0;326.3353;0;;
2023-10-27 14:27:02.962;-116.8629;1.305;-1020.597;0;326.3353;0;;
2023-10-27 14:27:03.470;-116.8752;1.305;-1020.583;0;326.3353;0;;
2023-10-27 14:27:03.779;-116.8921;1.305;-1020.56;0;326.3353;0;;mapLog:positionXYZ+-123.3841+100.1138+-994.7269
2023-10-27 14:27:03.848;-116.8964;1.305;-1020.554;0;326.3353;0;taskAccepted;
2023-10-27 14:27:03.883;-116.898;1.305;-1020.552;0;326.3353;0;;mapLog:positionXYZ+-124.2412+100.1138+-995.2164
2023-10-27 14:27:03.987;-116.905;1.305;-1020.542;0;326.3353;0;;
2023-10-27 14:27:04.498;-116.9394;1.305;-1020.495;0;326.3353;0;;
2023-10-27 14:27:05.004;-116.9748;1.305;-1020.445;0;326.3353;0;;
2023-10-27 14:27:05.038;-116.9775;1.305;-1020.441;0;326.3353;0;;mapLog:positionXYZ+-124.2412+100.1138+-995.2164
2023-10-27 14:27:05.510;-117.0088;1.305;-1020.398;0;326.3353;0;;
2023-10-27 14:27:05.646;-117.0177;1.305;-1020.386;0;326.3353;0;;mapLog:zoom+783.8335+rotationXYZ+89.98022+252.3489+0
2023-10-27 14:27:06.016;-117.043;1.305;-1020.352;0;326.3353;0;;mapLog:positionXYZ+-124.6033+100.1138+-996.412
2023-10-27 14:27:06.017;-117.043;1.305;-1020.352;0;326.3353;0;;
2023-10-27 14:27:06.520;-117.0818;1.305;-1020.297;0;326.3353;0;;
2023-10-27 14:27:07.022;-117.1194;1.305;-1020.246;0;326.3353;0;;
2023-10-27 14:27:07.524;-117.1604;1.305;-1020.188;0;326.3353;0;;
2023-10-27 14:27:07.692;-117.1772;1.305;-1020.164;0;326.3353;0;;mapLog:zoom+135.8145+rotationXYZ+90+254.7888+0
2023-10-27 14:27:07.893;-117.2092;1.305;-1020.118;0;326.3353;0;;mapLog:positionXYZ+-126.0502+100.1138+-998.1044
2023-10-27 14:27:08.026;-117.2277;1.305;-1020.091;0;326.3353;0;;
2023-10-27 14:27:08.093;-117.2359;1.305;-1020.079;0;326.3353;0;;mapLog:positionXYZ+-126.0502+100.1138+-998.1044
2023-10-27 14:27:08.496;-117.2789;1.305;-1020.018;0;326.3353;0;;mapLog:positionXYZ+-78.08244+100.1138+-1029.1
2023-10-27 14:27:08.530;-117.283;1.305;-1020.012;0;326.3353;0;;
2023-10-27 14:27:09.043;-117.3309;1.305;-1019.944;0;326.3353;0;;
2023-10-27 14:27:09.079;-117.3349;1.305;-1019.939;0;326.3353;0;;mapLog:positionXYZ+-78.08244+100.1138+-1029.1
2023-10-27 14:27:09.113;-117.3382;1.305;-1019.934;0;326.3353;0;;mapLog:MapButtonPoiClick+PoiClick_The Palms Hotel
2023-10-27 14:27:09.148;-117.3425;1.305;-1019.928;0;326.3353;0;;mapLog:positionXYZ+-78.11062+100.1138+-1031.334
2023-10-27 14:27:09.552;-117.3839;1.305;-1019.869;0;326.3353;0;;
2023-10-27 14:27:10.056;-117.433;1.305;-1019.8;0;326.3353;0;;
2023-10-27 14:27:10.560;-117.482;1.305;-1019.73;0;326.3353;0;;
2023-10-27 14:27:10.593;-117.4845;1.305;-1019.727;0;326.3353;0;;mapLog:positionXYZ+-78.11062+100.1138+-1031.334
2023-10-27 14:27:10.660;-117.4903;1.305;-1019.719;0;326.3353;0;setNavigationTarget:The Palms Hotel;
2023-10-27 14:27:10.661;-117.4903;1.305;-1019.719;0;326.3353;0;;mapLog:MapButtonPoiClick+buttonOnFollowPlayer
2023-10-27 14:27:10.694;-117.4926;1.305;-1019.715;0;326.3353;0;;mapLog:MapButtonPoiClick+PoiClick_choseYES_The Palms Hotel
2023-10-27 14:27:10.728;-117.496;1.305;-1019.711;0;326.3353;0;;mapLog:positionXYZ+-117.2054+100.1138+-1018.174
2023-10-27 14:27:11.062;-117.528;1.305;-1019.666;0;326.3353;0;;
2023-10-27 14:27:11.398;-117.5588;1.305;-1019.623;0;326.3353;0;;mapLog:positionXYZ+-117.528+100.1138+-1019.666
2023-10-27 14:27:11.565;-117.574;1.305;-1019.601;0;326.3353;0;;
2023-10-27 14:27:12.068;-117.6204;1.305;-1019.535;0;326.3353;0;;
2023-10-27 14:27:12.571;-117.6737;1.305;-1019.46;0;326.3353;0;;
2023-10-27 14:27:13.076;-117.7272;1.305;-1019.384;0;326.3353;0;;mapLog:zoom+169.5852+rotationXYZ+90+67.97432+0
2023-10-27 14:27:13.076;-117.7272;1.305;-1019.384;0;326.3353;0;;
2023-10-27 14:27:13.580;-117.8212;1.305;-1019.25;0;322.6104;0;;
2023-10-27 14:27:14.108;-117.8213;1.305;-1019.255;0;313.6013;0;;
2023-10-27 14:27:14.630;-117.8209;1.305;-1019.262;0;304.7622;0;;
2023-10-27 14:27:15.156;-117.8205;1.305;-1019.268;0;295.9228;0;;
2023-10-27 14:27:15.687;-117.8201;1.305;-1019.275;0;286.7437;0;;
2023-10-27 14:27:16.211;-117.8197;1.305;-1019.281;0;277.9045;0;;
2023-10-27 14:27:16.717;-117.8193;1.305;-1019.287;0;269.2354;0;;
2023-10-27 14:27:17.247;-117.8189;1.305;-1019.294;0;260.2263;0;;
2023-10-27 14:27:17.758;-117.8185;1.305;-1019.3;0;251.5568;0;;
2023-10-27 14:27:18.267;-117.8181;1.305;-1019.306;0;242.8869;0;;
2023-10-27 14:27:18.783;-117.8177;1.305;-1019.312;0;234.217;0;;
2023-10-27 14:27:19.312;-117.8173;1.305;-1019.319;0;225.2071;0;;
2023-10-27 14:27:19.842;-117.8169;1.305;-1019.325;0;216.1972;0;;
2023-10-27 14:27:20.373;-117.8165;1.305;-1019.332;0;207.1873;0;;
2023-10-27 14:27:20.891;-117.8161;1.305;-1019.338;0;198.3474;0;;
2023-10-27 14:27:21.399;-117.8158;1.305;-1019.344;0;189.6775;0;;
2023-10-27 14:27:21.915;-117.8154;1.305;-1019.351;0;181.0076;0;;
2023-10-27 14:27:22.435;-117.815;1.305;-1019.357;0;172.1677;0;;
2023-10-27 14:27:22.958;-117.8146;1.305;-1019.363;0;163.1578;0;;
2023-10-27 14:27:23.124;-117.8144;1.305;-1019.365;0;160.4378;0;;mapLog:isScreenLocked+True
2023-10-27 14:27:23.462;-117.8142;1.305;-1019.37;0;154.6579;0;;
2023-10-27 14:27:23.985;-117.8138;1.305;-1019.376;0;145.818;0;;
2023-10-27 14:27:24.514;-117.6925;1.305;-1019.516;0;136.9051;0;;
2023-10-27 14:27:25.034;-116.5894;1.305;-1020.566;0;129.4496;0;;
2023-10-27 14:27:25.535;-115.7618;1.305;-1021.166;0;120.9501;0;;
2023-10-27 14:27:26.051;-115.1737;1.305;-1021.468;0;112.1106;0;;
2023-10-27 14:27:26.559;-114.5516;1.305824;-1021.673;0;103.4411;0;;
2023-10-27 14:27:27.064;-113.7305;1.444672;-1021.678;0;94.94163;0;;
2023-10-27 14:27:27.572;-112.3679;1.442008;-1021.415;0;88.43602;0;;
2023-10-27 14:27:28.086;-110.8089;1.305;-1021.362;0;87.87495;0;;mapLog:isScreenLocked+False
2023-10-27 14:27:28.087;-110.8089;1.305;-1021.362;0;87.87495;0;;
2023-10-27 14:27:28.119;-110.719;1.305;-1021.359;0;87.87495;0;;mapLog:positionXYZ+-152.2542+100.1138+-1047.695
2023-10-27 14:27:28.600;-109.2798;1.305;-1021.313;0;87.87495;0;;
2023-10-27 14:27:29.100;-107.7805;1.305;-1021.264;0;87.87495;0;;
2023-10-27 14:27:29.613;-106.2504;1.305;-1021.235;0;89.59484;0;;
2023-10-27 14:27:30.122;-104.7198;1.305;-1021.232;0;89.59484;0;;
2023-10-27 14:27:30.627;-103.1892;1.304999;-1021.232;0;89.59484;0;;
2023-10-27 14:27:31.132;-101.6887;1.304999;-1021.232;0;89.59484;0;;
2023-10-27 14:27:31.643;-100.158;1.304999;-1021.232;0;89.59484;0;;
2023-10-27 14:27:32.146;-98.62741;1.304999;-1021.232;0;89.59484;0;;
2023-10-27 14:27:32.650;-97.12682;1.304999;-1021.232;0;89.59484;0;;
2023-10-27 14:27:33.166;-95.56612;1.304999;-1021.232;0;89.59484;0;;
2023-10-27 14:27:33.681;-94.03539;1.304999;-1021.232;0;89.59484;0;;
2023-10-27 14:27:34.187;-92.50459;1.304999;-1021.232;0;89.59484;0;;
2023-10-27 14:27:34.527;-91.4841;1.304999;-1021.232;0;89.59484;0;;mapLog:positionXYZ+-152.2542+100.1138+-1047.695
2023-10-27 14:27:34.689;-91.00385;1.304999;-1021.232;0;89.59484;0;;
2023-10-27 14:27:35.204;-89.47307;1.304999;-1021.232;0;89.59484;0;;
2023-10-27 14:27:35.712;-87.97345;1.395286;-1021.193;0;89.59484;0;;
2023-10-27 14:27:36.220;-86.44339;1.334355;-1021.186;0;89.59484;0;;
2023-10-27 14:27:36.297;-86.20325;1.336786;-1021.186;0;89.59484;0;;mapLog:zoom+188.9304+rotationXYZ+90+85.69937+0
2023-10-27 14:27:36.330;-86.11319;1.337697;-1021.185;0;89.59484;0;;mapLog:positionXYZ+-96.45778+100.1127+-1028.761
2023-10-27 14:27:36.728;-84.91261;1.349863;-1021.18;0;89.59484;0;;
2023-10-27 14:27:37.238;-83.3819;1.365378;-1021.174;0;89.59484;0;;
2023-10-27 14:27:37.548;-82.45145;1.374809;-1021.17;0;89.59484;0;;mapLog:zoom+188.9304+rotationXYZ+90+85.69937+0
2023-10-27 14:27:37.749;-81.85116;1.380893;-1021.168;0;89.59484;0;;
2023-10-27 14:27:38.101;-80.80061;1.391541;-1021.164;0;89.59484;0;;mapLog:zoom+100+rotationXYZ+90+82.24428+0
2023-10-27 14:27:38.132;-80.71057;1.392454;-1021.163;0;89.59484;0;;mapLog:positionXYZ+-96.45778+100.1127+-1028.761
2023-10-27 14:27:38.254;-80.35038;1.396104;-1021.162;0;89.59484;0;;
2023-10-27 14:27:38.759;-78.81959;1.400149;-1021.156;0;89.59484;0;;
2023-10-27 14:27:39.262;-77.31881;1.400351;-1021.15;0;89.59484;0;;
2023-10-27 14:27:39.767;-75.78802;1.40056;-1021.143;0;89.59484;0;;
2023-10-27 14:27:40.272;-74.28763;1.381378;-1021.137;0;89.45476;0;;
2023-10-27 14:27:40.774;-72.78833;1.34868;-1021.098;0;87.06827;0;;
2023-10-27 14:27:41.280;-71.26122;1.315795;-1021.007;0;85.76026;0;;
2023-10-27 14:27:41.793;-69.7373;1.304999;-1020.87;0;83.75037;0;;
2023-10-27 14:27:42.294;-68.24554;1.304999;-1020.706;0;83.60599;0;;
2023-10-27 14:27:42.808;-66.69418;1.304999;-1020.535;0;83.60599;0;;
2023-10-27 14:27:43.323;-65.17261;1.304999;-1020.367;0;83.60599;0;;
2023-10-27 14:27:43.825;-63.68085;1.304999;-1020.202;0;83.60599;0;;
2023-10-27 14:27:44.325;-62.18916;1.304999;-1020.037;0;83.60599;0;;
2023-10-27 14:27:44.830;-60.67197;1.154736;-1019.865;0;83.60599;0;;
2023-10-27 14:27:45.345;-59.15034;1.155;-1019.697;0;83.60599;0;;
2023-10-27 14:27:45.857;-57.59877;1.155;-1019.526;0;83.60599;0;;
2023-10-27 14:27:46.371;-56.07703;1.155;-1019.358;0;83.60599;0;;
2023-10-27 14:27:46.877;-54.55531;1.155;-1019.189;0;83.60599;0;;
2023-10-27 14:27:47.389;-53.03358;1.155;-1019.021;0;83.60599;0;;
2023-10-27 14:27:47.896;-51.51188;1.155;-1018.853;0;83.60599;0;;
2023-10-27 14:27:48.404;-50.01997;1.155;-1018.688;0;83.60599;0;;
2023-10-27 14:27:48.658;-49.24417;1.155;-1018.603;0;83.60599;0;;mapLog:isScreenLocked+True
2023-10-27 14:27:48.917;-48.46838;1.155;-1018.517;0;83.60599;0;;
2023-10-27 14:27:49.429;-46.94826;1.155;-1018.337;0;82.22691;0;;
2023-10-27 14:27:49.939;-45.4328;1.155;-1018.122;0;81.2972;0;;
2023-10-27 14:27:50.452;-43.92061;1.155;-1017.886;0;80.56961;0;;
2023-10-27 14:27:50.968;-42.44096;1.304999;-1017.612;0;79.97541;0;;
2023-10-27 14:27:51.483;-40.93433;1.304999;-1017.343;0;79.37497;0;;
2023-10-27 14:27:51.702;-40.28522;1.304999;-1017.222;0;79.22267;0;;mapLog:isScreenLocked+False
2023-10-27 14:27:51.995;-39.45109;1.304999;-1017.065;0;79.12087;0;;
2023-10-27 14:27:52.508;-39.08308;1.304999;-1016.999;0;78.98804;0;;
2023-10-27 14:27:52.709;-39.08247;1.304999;-1017.001;0;78.98804;0;;mapLog:positionXYZ+-96.45778+100.1127+-1028.761
2023-10-27 14:27:52.745;-39.0824;1.304999;-1017.001;0;78.98804;0;checkedIn:The Palms Hotel;
2023-10-27 14:27:52.745;-39.0824;1.304999;-1017.001;0;78.98804;0;DEBUG_IGNORE_ME: scenario_selected.gameTasks.Count = 2;
2023-10-27 14:27:52.782;-39.08231;1.304999;-1017.002;0;78.98804;0;;mapLog:positionXYZ+-96.5295+100.1127+-1028.904
2023-10-27 14:27:52.782;-39.08231;1.304999;-1017.002;0;78.98804;0;DEBUG_IGNORE_ME: GameStart::scenario_selected.gameTasks.Count = 2;
2023-10-27 14:27:53.020;-39.08168;1.304999;-1017.005;0;78.98804;0;;
2023-10-27 14:27:53.532;-39.0802;1.304999;-1017.01;0;78.98804;0;;
2023-10-27 14:27:54.034;-39.0787;1.304999;-1017.015;0;78.98804;0;;
2023-10-27 14:27:54.546;-39.0771;1.304999;-1017.015;0;78.98804;0;;
2023-10-27 14:27:55.056;-39.07561;1.304999;-1017.015;0;78.98804;0;;
2023-10-27 14:27:55.567;-39.07411;1.304999;-1017.015;0;78.98804;0;;
2023-10-27 14:27:56.080;-39.07256;1.304999;-1017.018;0;78.98804;0;;
2023-10-27 14:27:56.592;-39.07112;1.304999;-1017.024;0;78.98804;0;;
2023-10-27 14:27:56.755;-39.07067;1.304999;-1017.026;0;78.98804;0;;mapLog:positionXYZ+-96.5295+100.1127+-1028.904
2023-10-27 14:27:56.864;-39.07034;1.304999;-1017.027;0;78.98804;0;taskAccepted;
2023-10-27 14:27:56.883;-39.0703;1.304999;-1017.027;0;78.98804;0;;mapLog:positionXYZ+-94.79978+100.1127+-1029.556
2023-10-27 14:27:57.103;-39.06969;1.304999;-1017.027;0;78.98804;0;;
2023-10-27 14:27:57.502;-39.06854;1.304999;-1017.03;0;78.98804;0;;mapLog:positionXYZ+-94.79978+100.1127+-1029.556
2023-10-27 14:27:57.609;-39.06818;1.304999;-1017.031;0;78.98804;0;;
2023-10-27 14:27:58.117;-39.06679;1.304999;-1017.037;0;78.98804;0;;
2023-10-27 14:27:58.624;-39.06526;1.304999;-1017.043;0;78.98804;0;;
2023-10-27 14:27:59.127;-39.0638;1.304999;-1017.048;0;78.98804;0;;
2023-10-27 14:27:59.635;-39.06228;1.304999;-1017.054;0;78.98804;0;;
2023-10-27 14:28:00.090;-39.06094;1.304999;-1017.06;0;78.98804;0;;mapLog:positionXYZ+-108.906+100.1127+-1024.476
2023-10-27 14:28:00.143;-39.06079;1.304999;-1017.06;0;78.98804;0;;
2023-10-27 14:28:00.360;-39.06012;1.304999;-1017.063;0;78.98804;0;;mapLog:positionXYZ+-108.906+100.1127+-1024.476
2023-10-27 14:28:00.651;-39.05927;1.304999;-1017.065;0;78.98804;0;;
2023-10-27 14:28:01.159;-39.05779;1.304999;-1017.072;0;78.98804;0;;
2023-10-27 14:28:01.666;-39.05632;1.304999;-1017.075;0;78.98804;0;;
2023-10-27 14:28:02.174;-39.05485;1.304999;-1017.081;0;78.98804;0;;
2023-10-27 14:28:02.573;-39.05367;1.304999;-1017.084;0;78.98804;0;;mapLog:positionXYZ+-109.3137+100.1125+-1025.681
2023-10-27 14:28:02.681;-39.05335;1.304999;-1017.085;0;78.98804;0;;
2023-10-27 14:28:02.826;-39.05292;1.304999;-1017.087;0;78.98804;0;;mapLog:zoom+643.7773+rotationXYZ+90+315.8878+0
2023-10-27 14:28:03.191;-39.05185;1.304999;-1017.091;0;78.98804;0;;
2023-10-27 14:28:03.700;-39.05038;1.304999;-1017.097;0;78.98804;0;;
2023-10-27 14:28:04.204;-39.0489;1.304999;-1017.102;0;78.98804;0;;
2023-10-27 14:28:04.714;-39.04749;1.304999;-1017.107;0;78.98804;0;;
2023-10-27 14:28:05.006;-39.04657;1.304999;-1017.111;0;78.98804;0;;mapLog:zoom+304.3256+rotationXYZ+90+304.0058+0
2023-10-27 14:28:05.224;-39.04596;1.304999;-1017.113;0;78.98804;0;;
2023-10-27 14:28:05.315;-39.04572;1.304999;-1017.114;0;78.98804;0;;mapLog:positionXYZ+-109.3137+100.1125+-1025.681
2023-10-27 14:28:05.733;-39.04448;1.304999;-1017.118;0;78.98804;0;;
2023-10-27 14:28:06.005;-39.04367;1.304999;-1017.121;0;78.98804;0;;mapLog:positionXYZ+-183.4427+100.1125+-893.2319
2023-10-27 14:28:06.248;-39.04296;1.304999;-1017.123;0;78.98804;0;;
2023-10-27 14:28:06.750;-39.04147;1.304999;-1017.129;0;78.98804;0;;
2023-10-27 14:28:06.984;-39.04079;1.304999;-1017.131;0;78.98804;0;;mapLog:positionXYZ+-183.4427+100.1125+-893.2319
2023-10-27 14:28:07.003;-39.04071;1.304999;-1017.131;0;78.98804;0;;mapLog:MapButtonPoiClick+PoiClick_Kiosk
2023-10-27 14:28:07.040;-39.04062;1.304999;-1017.132;0;78.98804;0;;mapLog:positionXYZ+-186.1458+100.1125+-895.764
2023-10-27 14:28:07.259;-39.03993;1.304999;-1017.134;0;78.98804;0;;
2023-10-27 14:28:07.764;-39.03841;1.304999;-1017.139;0;78.98804;0;;
2023-10-27 14:28:08.270;-39.03688;1.304999;-1017.144;0;78.98804;0;;
2023-10-27 14:28:08.759;-39.03542;1.304999;-1017.149;0;78.98804;0;;mapLog:positionXYZ+-186.1458+100.1125+-895.764
2023-10-27 14:28:08.778;-39.03536;1.304999;-1017.149;0;78.98804;0;;
2023-10-27 14:28:08.814;-39.03525;1.304999;-1017.15;0;78.98804;0;setNavigationTarget:Kiosk;
2023-10-27 14:28:08.815;-39.03525;1.304999;-1017.15;0;78.98804;0;;mapLog:MapButtonPoiClick+buttonOnFollowPlayer
2023-10-27 14:28:08.833;-39.03519;1.304999;-1017.15;0;78.98804;0;;mapLog:MapButtonPoiClick+PoiClick_choseYES_Kiosk
2023-10-27 14:28:08.852;-39.03516;1.304999;-1017.15;0;78.98804;0;;mapLog:positionXYZ+-40.6139+100.1125+-1023.443
2023-10-27 14:28:09.294;-39.03382;1.304999;-1017.155;0;78.98804;0;;
2023-10-27 14:28:09.677;-39.03265;1.304999;-1017.159;0;78.98804;0;;mapLog:positionXYZ+-39.03382+100.1125+-1017.155
2023-10-27 14:28:09.804;-39.03229;1.304999;-1017.16;0;78.98804;0;;
2023-10-27 14:28:10.151;-38.93167;1.304999;-1017.144;0;78.98804;0;;mapLog:positionXYZ+-4.030915+100.1125+-861.6997
2023-10-27 14:28:10.315;-38.77122;1.304999;-1017.114;0;78.89679;0;;
2023-10-27 14:28:10.831;-38.51517;1.304999;-1017.057;0;71.38052;0;;
2023-10-27 14:28:11.334;-38.33136;1.304999;-1016.982;0;62.881;0;;
2023-10-27 14:28:11.837;-38.11813;1.304999;-1016.859;0;54.21151;0;;
2023-10-27 14:28:12.350;-37.7453;1.304999;-1016.552;0;45.542;0;;
2023-10-27 14:28:12.867;-37.32912;1.304999;-1016.072;0;36.7025;0;;
2023-10-27 14:28:13.389;-36.68045;1.304999;-1015.035;0;27.86298;0;;
2023-10-27 14:28:13.915;-36.05925;1.304999;-1013.616;0;19.02338;0;;
2023-10-27 14:28:14.421;-35.65342;1.305;-1012.144;0;12.35421;0;;
2023-10-27 14:28:14.944;-35.38019;1.305;-1010.61;0;8.020463;0;;
2023-10-27 14:28:15.460;-35.21266;1.305;-1009.061;0;4.30389;0;;
2023-10-27 14:28:15.981;-35.13916;1.305;-1007.506;0;1.055127;0;;
2023-10-27 14:28:16.504;-35.15094;1.305;-1005.951;0;358.0808;0;;
2023-10-27 14:28:17.017;-35.23152;1.305;-1004.395;0;355.936;0;;
2023-10-27 14:28:17.537;-35.3543;1.305;-1002.84;0;354.9783;0;;
2023-10-27 14:28:18.044;-35.49608;1.305;-1001.35;0;354.0397;0;;
2023-10-27 14:28:18.562;-35.67535;1.305;-999.8011;0;352.787;0;;
2023-10-27 14:28:19.069;-35.88377;1.305;-998.2878;0;351.4997;0;;
2023-10-27 14:28:19.574;-36.12073;1.304999;-996.8083;0;350.2571;0;;
2023-10-27 14:28:20.092;-36.4029;1.305;-995.2788;0;348.7544;0;;
2023-10-27 14:28:20.419;-36.60273;1.305;-994.3121;0;347.7736;0;;mapLog:isScreenLocked+True
2023-10-27 14:28:20.612;-36.72598;1.305;-993.7578;0;347.1217;0;;
2023-10-27 14:28:21.125;-37.0851;1.305;-992.2755;0;345.6139;0;;
2023-10-27 14:28:21.629;-37.48064;1.305;-990.8025;0;344.2953;0;;
2023-10-27 14:28:21.701;-37.53749;1.305;-990.6008;0;344.1329;0;;mapLog:isScreenLocked+False
2023-10-27 14:28:21.725;-37.55386;1.305;-990.5432;0;344.0907;0;;mapLog:positionXYZ+-4.03119+100.1125+-861.6983
2023-10-27 14:28:22.151;-37.91191;1.305;-989.3079;0;343.6358;0;;
2023-10-27 14:28:22.663;-38.34692;1.304999;-987.8447;0;343.178;0;;
2023-10-27 14:28:23.181;-38.80493;1.304999;-986.3584;0;342.5612;0;;
2023-10-27 14:28:23.690;-39.27027;1.304999;-984.906;0;341.8755;0;;
2023-10-27 14:28:24.192;-39.74432;1.304999;-983.4873;0;341.1238;0;;
2023-10-27 14:28:24.701;-40.24709;1.304999;-982.047;0;340.3972;0;;
2023-10-27 14:28:25.214;-40.76762;1.304999;-980.6132;0;339.672;0;;
2023-10-27 14:28:25.726;-41.30739;1.304999;-979.186;0;338.8834;0;;
2023-10-27 14:28:26.250;-41.8772;1.304999;-977.7389;0;338.1503;0;;
2023-10-27 14:28:26.744;-42.42061;1.165418;-976.3546;0;337.4631;0;;
2023-10-27 14:28:27.251;-43.01643;1.155;-974.9502;0;336.5613;0;;
2023-10-27 14:28:27.756;-43.63466;1.155;-973.5554;0;335.6454;0;;
2023-10-27 14:28:28.261;-44.26212;1.155;-972.1974;0;334.7629;0;;
2023-10-27 14:28:28.780;-44.93634;1.155;-970.7958;0;333.9055;0;;
2023-10-27 14:28:29.287;-45.60933;1.155;-969.4261;0;333.8383;0;;
2023-10-27 14:28:29.797;-46.28264;1.155;-968.0565;0;333.8383;0;;
2023-10-27 14:28:30.305;-46.94272;1.155;-966.7137;0;333.8383;0;;
2023-10-27 14:28:30.806;-47.61594;1.155;-965.3441;0;333.8383;0;;
2023-10-27 14:28:31.324;-48.28909;1.155;-963.9745;0;333.8383;0;;
2023-10-27 14:28:31.836;-48.9755;1.155;-962.578;0;333.8383;0;;
2023-10-27 14:28:32.006;-49.19991;1.155;-962.1215;0;333.8383;0;;mapLog:isScreenLocked+True
2023-10-27 14:28:32.350;-49.64881;1.155;-961.2084;0;333.8383;0;;
2023-10-27 14:28:32.856;-50.32213;1.155;-959.8387;0;333.8383;0;;
2023-10-27 14:28:33.358;-50.98228;1.155;-958.496;0;333.8383;0;;
2023-10-27 14:28:33.864;-51.64242;1.155;-957.1532;0;333.8383;0;;
2023-10-27 14:28:34.367;-52.31577;1.155;-955.7836;0;333.8383;0;;
2023-10-27 14:28:34.885;-52.98915;1.155;-954.4139;0;333.8383;0;;
2023-10-27 14:28:35.398;-53.67569;1.155;-953.0175;0;333.8383;0;;
2023-10-27 14:28:35.910;-54.34911;1.155;-951.6478;0;333.8383;0;;
2023-10-27 14:28:36.424;-55.02254;1.155;-950.2782;0;333.8383;0;;
2023-10-27 14:28:36.937;-55.70234;1.155;-948.8785;0;335.2504;0;;
2023-10-27 14:28:37.447;-56.29043;1.155;-947.4705;0;338.6929;0;;
2023-10-27 14:28:37.954;-56.83441;1.155;-946.0789;0;338.6929;0;;
2023-10-27 14:28:38.462;-57.38927;1.155;-944.6594;0;338.6929;0;;
2023-10-27 14:28:38.979;-57.89194;1.300033;-943.2122;0;338.6929;0;;
2023-10-27 14:28:39.491;-58.44649;1.305;-941.7927;0;338.6929;0;;
2023-10-27 14:28:40.002;-59.00119;1.304999;-940.373;0;338.6929;0;;
2023-10-27 14:28:40.512;-59.55585;1.305;-938.9529;0;338.7104;0;;
2023-10-27 14:28:41.003;-60.08826;1.305;-937.5847;0;338.7104;0;;mapLog:isScreenLocked+False
2023-10-27 14:28:41.021;-60.10999;1.305;-937.5288;0;338.7104;0;;
2023-10-27 14:28:41.040;-60.13173;1.305;-937.473;0;338.7104;0;;mapLog:positionXYZ+-12.58824+100.1125+-859.6438
2023-10-27 14:28:41.537;-60.67508;1.305;-936.0769;0;338.7104;0;;
2023-10-27 14:28:42.052;-61.22569;1.305;-934.6526;0;339.4515;0;;
2023-10-27 14:28:42.566;-61.70988;1.305;-933.1741;0;345.1188;0;;
2023-10-27 14:28:43.069;-62.04956;1.305;-931.7169;0;348.0811;0;;
2023-10-27 14:28:43.573;-62.3573;1.305;-930.2521;0;348.1172;0;;
2023-10-27 14:28:44.083;-62.67107;1.305;-928.7579;0;348.1172;0;;
2023-10-27 14:28:44.586;-62.98492;1.305;-927.2638;0;348.1172;0;;
2023-10-27 14:28:45.087;-63.29241;1.305;-925.799;0;348.2263;0;;
2023-10-27 14:28:45.588;-63.56706;1.305;-924.3274;0;350.3713;0;;
2023-10-27 14:28:46.093;-63.80855;1.305;-922.8503;0;351.0201;0;;
2023-10-27 14:28:46.603;-64.02654;1.305;-921.3386;0;353.2457;0;;
2023-10-27 14:28:47.108;-64.15016;1.305;-919.816;0;357.1155;0;;
2023-10-27 14:28:47.611;-64.22275;1.305;-918.3207;0;357.2366;0;;
2023-10-27 14:28:48.112;-64.29523;1.305;-916.8253;0;357.2366;0;;
2023-10-27 14:28:48.613;-64.36771;1.305;-915.33;0;357.2366;0;;
2023-10-27 14:28:49.124;-64.44164;1.305;-913.8047;0;357.2366;0;;
2023-10-27 14:28:49.212;-64.45468;1.305;-913.5355;0;357.2366;0;;mapLog:positionXYZ+-12.58824+100.1125+-859.6438
2023-10-27 14:28:49.629;-64.51556;1.305;-912.2794;0;357.2366;0;;
2023-10-27 14:28:50.133;-64.58804;1.305;-910.7841;0;357.2366;0;;
2023-10-27 14:28:50.239;-64.60399;1.305;-910.4551;0;357.2366;0;;mapLog:positionXYZ+-9.702436+100.1125+-860.119
2023-10-27 14:28:50.639;-64.66197;1.305;-909.2588;0;357.2366;0;;
2023-10-27 14:28:51.143;-64.75501;1.305;-907.7642;0;353.6474;0;;
2023-10-27 14:28:51.656;-65.04401;1.305;-906.2344;0;344.8083;0;;
2023-10-27 14:28:52.171;-65.53867;1.305;-904.7899;0;339.2601;0;;
2023-10-27 14:28:52.676;-66.05421;1.305;-903.3502;0;343.1425;0;;
2023-10-27 14:28:53.179;-66.38348;1.305;-901.8898;0;351.6431;0;;
2023-10-27 14:28:53.683;-66.49299;1.305;-900.3976;0;0.1437718;0;;
2023-10-27 14:28:54.198;-66.0231;1.305;-899.1464;0;8.98377;0;;
2023-10-27 14:28:54.703;-65.69144;1.305;-897.6864;0;15.00316;0;;
2023-10-27 14:28:55.203;-65.30713;1.305;-896.2386;0;13.99633;0;;
2023-10-27 14:28:55.541;-65.08507;1.305;-895.2443;0;10.93418;0;;mapLog:positionXYZ+-9.702436+100.1125+-860.119
2023-10-27 14:28:55.715;-64.99533;1.305;-894.7428;0;9.248168;0;;
2023-10-27 14:28:55.832;-64.94099;1.305;-894.3872;0;8.015207;0;;mapLog:positionXYZ+-64.57481+100.1125+-842.4314
2023-10-27 14:28:55.965;-64.89022;1.305;-894.001;0;6.948201;0;;mapLog:positionXYZ+-64.57481+100.1125+-842.4314
2023-10-27 14:28:56.230;-64.80169;1.305;-893.1968;0;5.707156;0;;
2023-10-27 14:28:56.363;-64.76451;1.305;-892.8096;0;5.114402;0;;mapLog:positionXYZ+-60.22517+100.1125+-863.3737
2023-10-27 14:28:56.745;-64.69977;1.305;-891.6731;0;1.109922;0;;
2023-10-27 14:28:56.994;-64.69962;1.305;-890.9254;0;358.8968;0;;mapLog:positionXYZ+-60.22517+100.1125+-863.3737
2023-10-27 14:28:57.250;-64.72755;1.305;-890.1478;0;356.9114;0;;
2023-10-27 14:28:57.430;-64.76188;1.305;-889.6095;0;355.8825;0;;mapLog:positionXYZ+-90.06433+100.1125+-849.321
2023-10-27 14:28:57.767;-64.84354;1.305;-888.5927;0;354.8058;0;;
2023-10-27 14:28:58.274;-65.03707;1.305;-887.1084;0;348.7166;0;;
2023-10-27 14:28:58.783;-65.44639;1.305;-885.6373;0;340.0475;0;;
2023-10-27 14:28:59.293;-66.06971;1.305;-884.2509;0;331.3783;0;;
2023-10-27 14:28:59.799;-66.52251;1.305;-883.5354;0;322.7092;0;;
2023-10-27 14:29:00.322;-67.5024;1.305;-882.4427;0;313.8773;0;;
2023-10-27 14:29:00.842;-68.70412;1.305;-881.4524;0;305.0382;0;;
2023-10-27 14:29:01.358;-70.044;1.305;-880.6582;0;296.2805;0;;
2023-10-27 14:29:01.380;-70.09783;1.305;-880.6317;0;295.9702;0;;mapLog:positionXYZ+-90.06433+100.1125+-849.321
2023-10-27 14:29:01.874;-71.45077;1.305;-880.0596;0;290.7322;0;;
2023-10-27 14:29:02.376;-72.89394;1.305;-879.5537;0;287.9958;0;;
2023-10-27 14:29:02.883;-74.26395;1.304999;-879.3807;0;280.1971;0;;
2023-10-27 14:29:03.395;-75.75052;1.304999;-879.3813;0;272.6438;0;;
2023-10-27 14:29:03.900;-77.24984;1.304999;-879.3816;0;271.4995;0;;
2023-10-27 14:29:04.403;-78.7494;1.304999;-879.3816;0;271.4995;0;;
2023-10-27 14:29:04.915;-80.27895;1.304999;-879.3816;0;271.4995;0;;
2023-10-27 14:29:05.110;-80.87877;1.304999;-879.3816;0;271.4995;0;;mapLog:zoom+639.8157+rotationXYZ+90+21.48511+0
2023-10-27 14:29:05.282;-81.38862;1.304999;-879.3816;0;271.4995;0;;mapLog:zoom+640.0879+rotationXYZ+90+21.98635+0
2023-10-27 14:29:05.424;-81.80849;1.304999;-879.3816;0;271.4995;0;;
2023-10-27 14:29:05.929;-83.33804;1.304999;-879.3816;0;271.4995;0;;
2023-10-27 14:29:06.437;-84.86759;1.304999;-879.3816;0;271.4995;0;;
2023-10-27 14:29:06.790;-85.91728;1.304999;-879.3816;0;271.4995;0;;mapLog:zoom+117.3105+rotationXYZ+90+338.3069+0
2023-10-27 14:29:06.818;-86.00726;1.304999;-879.3816;0;271.4995;0;;mapLog:positionXYZ+-202.5831+100.1125+-777.8303
2023-10-27 14:29:06.949;-86.39714;1.304999;-879.3816;0;271.4995;0;;
2023-10-27 14:29:07.422;-87.80672;1.304999;-879.3816;0;271.4995;0;;mapLog:positionXYZ+-202.5831+100.1125+-777.8303
2023-10-27 14:29:07.449;-87.8967;1.304999;-879.3816;0;271.4995;0;;
2023-10-27 14:29:07.931;-89.33627;1.304999;-879.3816;0;270.9498;0;;mapLog:positionXYZ+-210.075+100.1125+-812.9716
2023-10-27 14:29:07.960;-89.42626;1.304999;-879.3816;0;270.5998;0;;
2023-10-27 14:29:08.464;-90.92224;1.305;-879.4728;0;262.5274;0;;
2023-10-27 14:29:08.614;-91.36784;1.305;-879.5359;0;261.5855;0;;mapLog:positionXYZ+-210.075+100.1125+-812.9716
2023-10-27 14:29:08.966;-92.43576;1.305;-879.6981;0;261.3938;0;;
2023-10-27 14:29:09.469;-93.91891;1.305;-879.924;0;261.3938;0;;
2023-10-27 14:29:09.976;-95.43173;1.305;-880.1543;0;261.3938;0;;
2023-10-27 14:29:10.491;-96.94455;1.305;-880.3846;0;261.3938;0;;
2023-10-27 14:29:10.996;-98.45737;1.305;-880.615;0;261.3938;0;;
2023-10-27 14:29:11.511;-99.97083;1.304999;-880.8406;0;262.3998;0;;
2023-10-27 14:29:12.024;-100.5122;1.083563;-880.8406;0;264.0043;0;;
2023-10-27 14:29:12.545;-101.9885;-0.2391568;-880.9594;0;264.3919;0;;
2023-10-27 14:29:13.063;-103.5418;-0.2391568;-881.0996;0;265.5921;0;;
2023-10-27 14:29:13.574;-105.0695;-0.239144;-881.1503;0;269.4711;0;;
2023-10-27 14:29:14.092;-106.6291;-0.2391568;-881.1456;0;270.2457;0;;
2023-10-27 14:29:14.267;-107.1689;-0.2391568;-881.1434;0;270.2457;0;;mapLog:positionXYZ+-209.7078+100.1125+-831.9978
2023-10-27 14:29:14.613;-108.1886;-0.2391568;-881.1393;0;270.2457;0;;
2023-10-27 14:29:15.129;-109.7481;-0.2391567;-881.1329;0;270.2457;0;;
2023-10-27 14:29:15.629;-111.2477;-0.2391567;-881.1268;0;270.2457;0;;
2023-10-27 14:29:16.139;-112.7772;-0.2391567;-881.1206;0;270.2457;0;;
2023-10-27 14:29:16.644;-114.2768;-0.2391567;-881.1145;0;270.2457;0;;
2023-10-27 14:29:17.144;-115.7765;-0.2391566;-881.1084;0;270.2457;0;;
2023-10-27 14:29:17.665;-117.3361;-0.2391566;-881.1021;0;270.2457;0;;
2023-10-27 14:29:18.175;-118.8658;-0.2391567;-881.0958;0;270.2457;0;;
2023-10-27 14:29:18.689;-120.4256;-0.2391566;-881.0895;0;270.2457;0;;
2023-10-27 14:29:19.190;-121.9253;-0.2391566;-881.0834;0;270.2457;0;;
2023-10-27 14:29:19.713;-123.4853;-0.2391566;-881.077;0;270.2457;0;;
2023-10-27 14:29:20.219;-125.0152;-0.2391566;-881.0708;0;270.2457;0;;
2023-10-27 14:29:20.746;-126.575;-0.2391564;-881.0542;0;272.3545;0;;
2023-10-27 14:29:21.263;-128.1268;-0.2391564;-880.906;0;278.7789;0;;
2023-10-27 14:29:21.766;-129.5971;-0.2391562;-880.613;0;283.8486;0;;
2023-10-27 14:29:22.297;-131.1524;-0.2391562;-880.1628;0;288.0845;0;;
2023-10-27 14:29:22.803;-132.5649;-0.2391562;-879.6605;0;291.1693;0;;
2023-10-27 14:29:23.336;-134.0323;-0.2391562;-879.0504;0;294.2067;0;;
2023-10-27 14:29:23.864;-135.367;-0.1558551;-878.3604;0;297.1764;0;;
2023-10-27 14:29:24.381;-135.5229;-0.04849315;-877.757;0;299.8282;0;;
2023-10-27 14:29:24.651;-135.5199;-0.07228208;-877.4487;0;301.0645;0;;mapLog:isScreenLocked+True
2023-10-27 14:29:24.886;-135.5632;-0.03743708;-877.1658;0;301.9201;0;;
2023-10-27 14:29:25.417;-135.6058;-0.03268421;-876.4963;0;307.2861;0;;
2023-10-27 14:29:25.934;-135.609;-0.0677954;-875.7612;0;315.9566;0;;
2023-10-27 14:29:26.444;-135.6649;-0.06650698;-874.896;0;324.6272;0;;
2023-10-27 14:29:26.957;-135.764;-0.04511917;-873.913;0;332.3192;0;;
2023-10-27 14:29:27.461;-135.9982;-0.04299724;-872.8671;0;339.9902;0;;
2023-10-27 14:29:27.973;-136.4191;-0.06598949;-871.3998;0;348.0219;0;;
2023-10-27 14:29:28.484;-136.6934;-0.07804012;-869.8975;0;350.0444;0;;
2023-10-27 14:29:29.008;-136.971;-0.09050655;-868.3346;0;349.8197;0;;
2023-10-27 14:29:29.525;-137.241;-0.1027761;-866.8308;0;349.8197;0;;
2023-10-27 14:29:29.720;-137.3469;-0.1073766;-866.241;0;349.8197;0;;mapLog:isScreenLocked+False
2023-10-27 14:29:29.745;-137.3575;-0.1079795;-866.182;0;349.8197;0;;mapLog:positionXYZ+-209.696+100.1125+-834.8121
2023-10-27 14:29:30.048;-137.5217;-0.1151482;-865.2679;0;349.8197;0;;
2023-10-27 14:29:30.555;-137.7864;-0.1144261;-863.7935;0;349.8197;0;;
2023-10-27 14:29:31.082;-138.067;-0.106784;-862.2307;0;349.8197;0;;
2023-10-27 14:29:31.598;-138.3424;-0.09882247;-860.6949;0;349.8084;0;;
2023-10-27 14:29:32.098;-138.6353;-0.09027338;-859.2256;0;346.8985;0;;
2023-10-27 14:29:32.619;-139.082;-0.0772475;-857.7338;0;339.204;0;;
2023-10-27 14:29:33.132;-139.7283;-0.04934847;-856.3505;0;330.5349;0;;
2023-10-27 14:29:33.656;-140.5936;-0.01356554;-855.057;0;321.6957;0;;
2023-10-27 14:29:34.183;-141.6687;0.02912867;-853.8915;0;312.8727;0;;
2023-10-27 14:29:34.689;-142.8333;-0.1068627;-852.9048;0;308.3141;0;;
2023-10-27 14:29:35.195;-144.0267;-0.1064222;-851.9979;0;306.3769;0;;
2023-10-27 14:29:35.700;-145.2723;-0.1064223;-851.111;0;304.6492;0;;
2023-10-27 14:29:36.205;-146.5165;-0.1064224;-850.2749;0;303.2155;0;;
2023-10-27 14:29:36.727;-147.8574;-0.1064223;-849.4225;0;301.7862;0;;
2023-10-27 14:29:37.248;-149.1909;-0.1064223;-848.6149;0;300.7075;0;;
2023-10-27 14:29:37.766;-150.5133;-0.1064223;-847.847;0;299.6655;0;;
2023-10-27 14:29:38.292;-151.9017;-0.1064223;-847.0739;0;298.6439;0;;
2023-10-27 14:29:38.816;-153.2765;-0.1064223;-846.3386;0;297.7417;0;;
2023-10-27 14:29:39.324;-154.6359;-0.1064224;-845.6382;0;296.8555;0;;
2023-10-27 14:29:39.848;-156.0603;-0.1064224;-844.9336;0;295.8577;0;;
2023-10-27 14:29:39.886;-156.1413;-0.1064224;-844.8944;0;295.8027;0;;mapLog:isScreenLocked+True
2023-10-27 14:29:40.379;-157.4971;-0.1064224;-844.2543;0;294.8285;0;;
2023-10-27 14:29:40.913;-158.9455;-0.1064224;-843.6001;0;293.8756;0;;
2023-10-27 14:29:41.411;-160.322;-0.1064224;-843.0056;0;292.9086;0;;mapLog:isScreenLocked+False
2023-10-27 14:29:41.449;-160.4325;-0.1064224;-842.9592;0;292.8314;0;;mapLog:positionXYZ+-212.1134+100.1125+-843.4216
2023-10-27 14:29:41.450;-160.4325;-0.1064224;-842.9592;0;292.8314;0;;
2023-10-27 14:29:41.960;-161.8474;-0.1064224;-842.3787;0;291.8815;0;;
2023-10-27 14:29:42.493;-163.3274;-0.1064224;-841.7996;0;290.9682;0;;
2023-10-27 14:29:43.002;-164.7369;-0.01381814;-841.2317;0;287.9894;0;;
2023-10-27 14:29:43.545;-166.2969;0.01471722;-840.8157;0;281.9078;0;;
2023-10-27 14:29:44.061;-167.8227;-0.06150889;-840.5166;0;280.4113;0;;
2023-10-27 14:29:44.601;-169.4178;-0.04140651;-840.2407;0;279.1606;0;;
2023-10-27 14:29:45.103;-170.8974;0.04307902;-840.0334;0;275.3288;0;;
2023-10-27 14:29:45.608;-172.4257;0.03697574;-840.0062;0;266.6597;0;;
2023-10-27 14:29:46.115;-173.9121;0.02927864;-840.2007;0;259.0049;0;;
2023-10-27 14:29:46.626;-175.41;0.01313627;-840.5149;0;258.1956;0;;
2023-10-27 14:29:47.136;-176.9117;-0.002392054;-840.8093;0;260.5351;0;;
2023-10-27 14:29:47.662;-178.4904;-0.01507246;-840.9979;0;265.5504;0;;
2023-10-27 14:29:48.193;-180.0768;-0.0242039;-841.1151;0;265.7877;0;;
2023-10-27 14:29:48.695;-181.5736;-0.01202309;-841.225;0;265.7877;0;;
2023-10-27 14:29:49.221;-183.1608;-0.008850574;-841.327;0;266.8405;0;;
2023-10-27 14:29:49.731;-184.6893;-0.009283543;-841.4017;0;268.2513;0;;
2023-10-27 14:29:50.241;-186.2197;-0.009188652;-841.4344;0;269.1216;0;;
2023-10-27 14:29:50.750;-187.7502;-0.008993626;-841.4594;0;269.1216;0;;
2023-10-27 14:29:51.261;-189.2508;-0.008802295;-841.4838;0;269.1216;0;;
2023-10-27 14:29:51.716;-190.631;0.008532763;-841.5062;0;269.1216;0;;mapLog:isScreenLocked+True
2023-10-27 14:29:51.762;-190.781;0.01243913;-841.5087;0;269.1216;0;;
2023-10-27 14:29:52.272;-192.3109;0.05228502;-841.5336;0;269.1216;0;;
2023-10-27 14:29:52.796;-193.8715;0.07668793;-841.559;0;269.1216;0;;
2023-10-27 14:29:53.318;-195.4622;0.09918535;-841.5848;0;269.1216;0;;
2023-10-27 14:29:53.751;-196.7528;0.1174375;-841.6058;0;269.1216;0;;mapLog:isScreenLocked+False
2023-10-27 14:29:53.792;-196.8728;0.1191355;-841.6078;0;269.1216;0;;mapLog:positionXYZ+-212.0802+100.1125+-844.1047
2023-10-27 14:29:53.831;-196.9929;0.1208332;-841.6097;0;269.1216;0;;
2023-10-27 14:29:54.352;-198.5536;0.1429058;-841.6351;0;269.1216;0;;
2023-10-27 14:29:54.853;-200.0541;0.1662077;-841.6595;0;269.1216;0;;
2023-10-27 14:29:55.373;-201.6133;0.221462;-841.6849;0;269.1216;0;;
2023-10-27 14:29:55.875;-203.1125;0.2714588;-841.7092;0;269.1216;0;;
2023-10-27 14:29:56.408;-204.7325;0.3122822;-841.7356;0;269.1216;0;;
2023-10-27 14:29:56.908;-206.2324;0.3500817;-841.76;0;269.1216;0;;
2023-10-27 14:29:57.414;-207.7323;0.3878815;-841.7844;0;269.1216;0;;
2023-10-27 14:29:57.937;-209.3223;0.4279489;-841.8103;0;269.1216;0;;
2023-10-27 14:29:58.468;-210.9112;0.4801721;-841.8362;0;269.1216;0;;
2023-10-27 14:29:58.978;-212.4396;0.5380784;-841.8611;0;269.118;0;;
2023-10-27 14:29:59.489;-213.9675;0.5926412;-841.9083;0;266.3522;0;;
2023-10-27 14:30:00.019;-215.5458;0.6501605;-842.0867;0;260.6328;0;;
2023-10-27 14:30:00.519;-217.0132;0.7081817;-842.3885;0;256.3194;0;;
2023-10-27 14:30:01.051;-218.5555;0.7711214;-842.7638;0;256.2312;0;;
2023-10-27 14:30:01.562;-220.0398;0.8324965;-843.1248;0;256.4272;0;;
2023-10-27 14:30:02.070;-221.5317;0.9050535;-843.4512;0;259.5581;0;;
2023-10-27 14:30:02.598;-223.1016;0.9777142;-843.684;0;263.2966;0;;
2023-10-27 14:30:03.122;-224.653;1.046387;-843.8201;0;266.8793;0;;
2023-10-27 14:30:03.640;-226.2096;1.119476;-843.8303;0;272.7996;0;;
2023-10-27 14:30:03.957;-227.1629;1.17958;-843.7542;0;276.5138;0;;mapLog:isScreenLocked+True
2023-10-27 14:30:04.157;-227.7555;1.216936;-843.6754;0;278.7516;0;;
2023-10-27 14:30:04.673;-229.2507;1.304955;-843.3781;0;283.5132;0;;
2023-10-27 14:30:05.179;-230.7387;1.305;-843.0173;0;283.6303;0;;
2023-10-27 14:30:05.703;-232.2559;1.305;-842.6492;0;283.6303;0;;
2023-10-27 14:30:06.204;-233.7148;1.304999;-842.2952;0;283.6303;0;;
2023-10-27 14:30:06.288;-233.9774;1.304999;-842.2314;0;283.6303;0;;mapLog:isScreenLocked+False
2023-10-27 14:30:06.315;-234.0358;1.304999;-842.2173;0;283.6303;0;;mapLog:positionXYZ+-211.8933+100.1125+-847.7095
2023-10-27 14:30:06.727;-235.2613;1.304999;-841.9199;0;283.6303;0;;
2023-10-27 14:30:07.227;-236.7182;1.155;-841.5697;0;283.6303;0;;
2023-10-27 14:30:07.732;-238.1771;1.155;-841.2157;0;283.6647;0;;
2023-10-27 14:30:08.243;-239.6625;1.155;-840.8467;0;284.2412;0;;
2023-10-27 14:30:08.752;-241.1361;1.155;-840.4348;0;288.2398;0;;
2023-10-27 14:30:09.273;-242.5963;1.155;-839.8855;0;292.9268;0;;
2023-10-27 14:30:09.790;-244.0123;1.155;-839.2311;0;296.7634;0;;
2023-10-27 14:30:10.290;-245.3333;1.155;-838.5206;0;299.9428;0;;
2023-10-27 14:30:10.798;-246.6405;1.155;-837.7256;0;302.9037;0;;
2023-10-27 14:30:11.316;-247.9027;1.155;-836.8613;0;306.1343;0;;
2023-10-27 14:30:11.830;-249.1432;1.155;-835.916;0;308.5207;0;;
2023-10-27 14:30:12.353;-250.3501;1.155;-834.9281;0;310.6937;0;;
2023-10-27 14:30:12.867;-251.5083;1.155;-833.8835;0;313.5196;0;;
2023-10-27 14:30:13.387;-252.6049;1.155;-832.775;0;317.35;0;;
2023-10-27 14:30:13.914;-253.6312;1.155;-831.6012;0;320.6332;0;;
2023-10-27 14:30:14.414;-254.5616;1.155;-830.425;0;322.2152;0;;
2023-10-27 14:30:14.938;-255.5375;1.155;-829.1699;0;322.3105;0;;
2023-10-27 14:30:15.462;-256.4837;1.155;-827.9303;0;323.4308;0;;
2023-10-27 14:30:15.964;-257.3593;1.155;-826.7131;0;325.4107;0;;
2023-10-27 14:30:16.480;-258.1611;1.304999;-825.4155;0;327.3041;0;;mapLog:isScreenLocked+True
2023-10-27 14:30:16.481;-258.1611;1.304999;-825.4155;0;327.3041;0;;
2023-10-27 14:30:16.998;-258.9896;1.304999;-824.0942;0;328.9366;0;;
2023-10-27 14:30:17.245;-259.3521;1.304999;-823.4725;0;330.9033;0;;mapLog:isScreenLocked+False
2023-10-27 14:30:17.269;-259.3958;1.304999;-823.3939;0;331.1842;0;;mapLog:positionXYZ+-211.9344+100.1125+-849.1675
2023-10-27 14:30:17.502;-259.7185;1.304999;-822.7845;0;333.2584;0;;
2023-10-27 14:30:18.013;-260.3506;1.304999;-821.3928;0;338.3335;0;;
2023-10-27 14:30:18.525;-260.8581;1.304999;-819.951;0;343.1596;0;;
2023-10-27 14:30:19.042;-261.2489;1.305;-818.4426;0;347.8373;0;;
2023-10-27 14:30:19.546;-261.513;1.304999;-816.9677;0;351.9872;0;;
2023-10-27 14:30:20.055;-261.6881;1.305;-815.4497;0;354.4029;0;;
2023-10-27 14:30:20.574;-261.8326;1.305;-813.8981;0;354.8516;0;;
2023-10-27 14:30:21.077;-261.9168;1.305;-812.981;0;354.8516;0;;
2023-10-27 14:30:21.582;-261.923;1.305;-812.9298;0;354.8516;0;;
2023-10-27 14:30:22.092;-261.9578;1.305;-812.5618;0;354.8516;0;;
2023-10-27 14:30:22.425;-261.9588;1.305;-812.5618;0;354.8516;0;;mapLog:positionXYZ+-211.9344+100.1125+-849.1675
2023-10-27 14:30:22.481;-261.959;1.305;-812.5618;0;354.8516;0;checkedIn:Kiosk;
2023-10-27 14:30:22.481;-261.959;1.305;-812.5618;0;354.8516;0;DEBUG_IGNORE_ME: scenario_selected.gameTasks.Count = 1;
2023-10-27 14:30:22.508;-261.9591;1.305;-812.5618;0;354.8516;0;;mapLog:positionXYZ+-218.4069+100.1125+-850.0952
2023-10-27 14:30:22.564;-261.9592;1.305;-812.5618;0;354.8516;0;DEBUG_IGNORE_ME: GameStart::scenario_selected.gameTasks.Count = 1;
2023-10-27 14:30:22.620;-261.9594;1.305;-812.5618;0;354.8516;0;;
2023-10-27 14:30:23.147;-261.9789;1.305;-812.363;0;354.8516;0;;
2023-10-27 14:30:23.649;-262.0078;1.305;-812.0614;0;354.8516;0;;
2023-10-27 14:30:24.150;-262.0093;1.305;-812.0614;0;354.8516;0;;
2023-10-27 14:30:24.664;-262.0109;1.305;-812.0614;0;354.8516;0;;
2023-10-27 14:30:25.180;-262.0125;1.305;-812.0614;0;354.8516;0;;
2023-10-27 14:30:25.694;-262.014;1.305;-812.0614;0;354.8516;0;;
2023-10-27 14:30:26.212;-262.0156;1.305;-812.0614;0;354.8516;0;;
2023-10-27 14:30:26.728;-262.0172;1.305001;-812.0614;0;354.8516;0;;
2023-10-27 14:30:26.785;-262.0172;1.305004;-812.0614;0;354.8516;0;;mapLog:positionXYZ+-218.4069+100.1125+-850.0952
2023-10-27 14:30:26.842;-262.0172;1.305007;-812.0614;0;354.8516;0;taskAccepted;
2023-10-27 14:30:26.871;-262.0172;1.305009;-812.0614;0;354.8516;0;;mapLog:positionXYZ+-230.6048+100.1125+-854.1787
2023-10-27 14:30:27.244;-262.0172;1.305013;-812.0614;0;354.8516;0;;
2023-10-27 14:30:27.732;-262.0172;1.305014;-812.0614;0;354.8516;0;;mapLog:positionXYZ+-230.6048+100.1125+-854.1787
2023-10-27 14:30:27.761;-262.0172;1.305015;-812.0614;0;354.8516;0;;
2023-10-27 14:30:28.277;-262.0172;1.305016;-812.0614;0;354.8516;0;;
2023-10-27 14:30:28.798;-262.0172;1.305016;-812.0614;0;354.8516;0;;
2023-10-27 14:30:29.296;-262.0172;1.305016;-812.0614;0;354.8516;0;;mapLog:zoom+241.0076+rotationXYZ+90+302.0288+0
2023-10-27 14:30:29.324;-262.0172;1.305013;-812.0614;0;354.8516;0;;
2023-10-27 14:30:29.612;-262.0172;1.305014;-812.0614;0;354.8516;0;;mapLog:positionXYZ+-233.3504+100.1125+-835.3246
2023-10-27 14:30:29.842;-262.0172;1.305014;-812.0614;0;354.8516;0;;
2023-10-27 14:30:29.985;-262.0172;1.305013;-812.0614;0;354.8516;0;;mapLog:positionXYZ+-233.3504+100.1125+-835.3246
2023-10-27 14:30:30.015;-262.0172;1.305014;-812.0614;0;354.8516;0;;mapLog:MapButtonPoiClick+PoiClick_Village Windmill
2023-10-27 14:30:30.043;-262.0172;1.305014;-812.0614;0;354.8516;0;;mapLog:positionXYZ+-234.1448+100.1125+-834.9526
2023-10-27 14:30:30.360;-262.0172;1.305015;-812.0614;0;354.8516;0;;
2023-10-27 14:30:30.875;-262.0172;1.305013;-812.0614;0;354.8516;0;;
2023-10-27 14:30:31.393;-262.0172;1.305014;-812.0614;0;354.8516;0;;mapLog:positionXYZ+-234.1448+100.1125+-834.9526
2023-10-27 14:30:31.394;-262.0172;1.305014;-812.0614;0;354.8516;0;setNavigationTarget:Village Windmill;
2023-10-27 14:30:31.395;-262.0172;1.305014;-812.0614;0;354.8516;0;;
2023-10-27 14:30:31.423;-262.0172;1.305014;-812.0614;0;354.8516;0;;mapLog:MapButtonPoiClick+buttonOnFollowPlayer
2023-10-27 14:30:31.423;-262.0172;1.305014;-812.0614;0;354.8516;0;;mapLog:MapButtonPoiClick+PoiClick_choseYES_Village Windmill
2023-10-27 14:30:31.452;-262.0172;1.305014;-812.0614;0;354.8516;0;;mapLog:positionXYZ+-263.4276+100.1125+-811.7513
2023-10-27 14:30:31.912;-262.0172;1.305015;-812.0614;0;354.8516;0;;
2023-10-27 14:30:32.228;-262.0172;1.305016;-812.0614;0;354.8516;0;;mapLog:positionXYZ+-262.0172+100.1125+-812.0614
2023-10-27 14:30:32.429;-262.0172;1.305015;-812.0614;0;354.8516;0;;
2023-10-27 14:30:32.946;-262.0172;1.305016;-812.0614;0;354.8516;0;;
2023-10-27 14:30:33.177;-262.0172;1.305016;-812.0614;0;354.8516;0;;mapLog:zoom+219.5239+rotationXYZ+90+293.3482+0
2023-10-27 14:30:33.205;-262.0172;1.305013;-812.0614;0;354.8516;0;;mapLog:positionXYZ+-264.5748+100.1125+-797.0963
2023-10-27 14:30:33.463;-262.0172;1.305014;-812.0614;0;354.8516;0;;
2023-10-27 14:30:33.987;-262.0174;1.305016;-812.009;0;354.8516;0;;
2023-10-27 14:30:34.512;-262.0179;1.305016;-810.5564;0;354.8516;0;;
2023-10-27 14:30:35.031;-262.0177;1.305018;-809.2109;0;353.4676;0;;
2023-10-27 14:30:35.553;-262.0186;1.305021;-808.2998;0;344.6726;0;;
2023-10-27 14:30:36.061;-262.0183;1.305022;-807.6572;0;336.0035;0;;
2023-10-27 14:30:36.586;-262.0191;1.305022;-807.0808;0;327.1644;0;;
2023-10-27 14:30:37.100;-262.0195;1.305022;-806.5071;0;318.3251;0;;
2023-10-27 14:30:37.615;-262.0197;1.305021;-806.0176;0;309.6559;0;;
2023-10-27 14:30:38.136;-262.0201;1.305022;-805.618;0;300.8168;0;;
2023-10-27 14:30:38.652;-262.0203;1.305022;-805.3112;0;291.9777;0;;
2023-10-27 14:30:39.175;-262.0215;1.305021;-805.0917;0;283.1385;0;;
2023-10-27 14:30:39.693;-262.0995;1.305041;-804.6602;0;277.399;0;;
2023-10-27 14:30:40.206;-263.2616;1.305;-804.1216;0;274.2285;0;;
2023-10-27 14:30:40.707;-263.6883;1.305;-804.1016;0;267.836;0;;
2023-10-27 14:30:41.211;-263.6898;1.305;-804.1016;0;262.7737;0;;
2023-10-27 14:30:41.720;-263.6965;1.305;-804.103;0;259.3394;0;;
2023-10-27 14:30:42.225;-263.6982;1.305;-804.103;0;256.5549;0;;
2023-10-27 14:30:42.744;-263.6998;1.305;-804.103;0;256.361;0;;
2023-10-27 14:30:43.262;-263.7014;1.305;-804.103;0;256.361;0;;
2023-10-27 14:30:43.665;-263.7027;1.305;-804.103;0;256.361;0;;mapLog:isScreenLocked+True
2023-10-27 14:30:43.782;-263.703;1.305;-804.103;0;256.361;0;;
2023-10-27 14:30:44.310;-263.7047;1.305;-804.103;0;256.361;0;;
2023-10-27 14:30:44.828;-264.3323;1.305007;-804.1615;0;256.361;0;;
2023-10-27 14:30:45.339;-265.8293;1.305015;-804.161;0;261.3304;0;;
2023-10-27 14:30:45.855;-267.019;1.305015;-804.1603;0;262.967;0;;
2023-10-27 14:30:46.377;-268.0373;1.305015;-804.1611;0;257.6019;0;;
2023-10-27 14:30:46.897;-269.4534;1.305015;-804.1624;0;248.7621;0;;
2023-10-27 14:30:47.419;-270.382;1.301812;-804.2117;0;239.9222;0;;
2023-10-27 14:30:47.935;-270.3816;1.303557;-804.2101;0;236.2389;0;;
2023-10-27 14:30:48.461;-270.3815;1.313817;-804.2208;0;232.4456;0;;
2023-10-27 14:30:48.978;-270.3819;1.311701;-804.214;0;227.7936;0;;
2023-10-27 14:30:49.484;-270.3808;1.315067;-804.2063;0;223.147;0;;
2023-10-27 14:30:50.000;-270.3801;1.316837;-804.2034;0;217.0354;0;;
2023-10-27 14:30:50.513;-270.3794;1.307346;-804.1995;0;211.3786;0;;
2023-10-27 14:30:51.033;-270.3787;1.317464;-804.193;0;206.2264;0;;
2023-10-27 14:30:51.539;-270.3781;1.408199;-804.1888;0;201.4926;0;;
2023-10-27 14:30:52.039;-270.3774;1.461336;-804.1842;0;196.9718;0;;
2023-10-27 14:30:52.564;-270.3767;1.45766;-804.179;0;192.3259;0;;
2023-10-27 14:30:53.073;-270.376;1.4511;-804.1743;0;187.8263;0;;
2023-10-27 14:30:53.583;-270.3753;1.498207;-804.1702;0;183.4244;0;;
2023-10-27 14:30:54.103;-270.3721;1.431365;-804.1674;0;179.0144;0;;
2023-10-27 14:30:54.617;-270.2654;1.435257;-804.1672;0;172.0028;0;;
2023-10-27 14:30:55.130;-269.9568;1.432445;-804.1666;0;163.3329;0;;
2023-10-27 14:30:55.652;-269.4131;1.430347;-804.1666;0;154.493;0;;
2023-10-27 14:30:56.166;-268.6545;1.427344;-804.166;0;145.8231;0;;
2023-10-27 14:30:56.683;-267.6842;1.42898;-804.1653;0;136.9832;0;;
2023-10-27 14:30:57.201;-266.5379;1.431042;-804.1644;0;128.1433;0;;
2023-10-27 14:30:57.711;-265.2692;1.431217;-804.1636;0;119.4738;0;;
2023-10-27 14:30:57.890;-264.7926;1.432888;-804.1632;0;116.414;0;;mapLog:isScreenLocked+False
2023-10-27 14:30:57.919;-264.7119;1.433485;-804.1631;0;115.904;0;;mapLog:positionXYZ+-262.4041+100.1125+-794.5668
2023-10-27 14:30:58.214;-263.9145;1.427083;-804.1625;0;110.9743;0;;
2023-10-27 14:30:58.715;-262.477;1.325391;-804.2284;0;102.4748;0;;
2023-10-27 14:30:59.240;-260.9594;1.304999;-804.4481;0;93.46526;0;;
2023-10-27 14:30:59.764;-260.527;1.304999;-804.4652;0;84.62574;0;;
2023-10-27 14:31:00.283;-260.5286;1.304999;-804.4652;0;75.78624;0;;
2023-10-27 14:31:00.795;-260.5301;1.304999;-804.4652;0;67.11674;0;;
2023-10-27 14:31:01.299;-259.9268;1.304999;-804.1611;0;63.32801;0;;
2023-10-27 14:31:01.813;-259.1167;1.304999;-803.802;0;71.44847;0;;
2023-10-27 14:31:02.321;-259.1183;1.304999;-803.802;0;80.11839;0;;
2023-10-27 14:31:02.837;-259.1199;1.304999;-803.802;0;88.95829;0;;
2023-10-27 14:31:03.350;-259.1214;1.304999;-803.802;0;97.62819;0;;
2023-10-27 14:31:03.870;-259.123;1.304999;-803.802;0;106.4681;0;;
2023-10-27 14:31:04.387;-258.6129;1.304999;-804.0184;0;115.308;0;;
2023-10-27 14:31:04.889;-257.9753;1.304981;-804.3694;0;123.8081;0;;
2023-10-27 14:31:05.399;-257.3612;1.155;-804.8707;0;132.478;0;;
2023-10-27 14:31:05.906;-256.7082;1.155;-805.5713;0;140.978;0;;
2023-10-27 14:31:06.429;-255.9459;1.155;-806.6782;0;149.9879;0;;
2023-10-27 14:31:06.941;-255.3862;1.155;-807.8424;0;158.6578;0;;
2023-10-27 14:31:07.449;-255.0141;1.155;-809.0568;0;167.3277;0;;
2023-10-27 14:31:07.974;-254.8316;1.154999;-810.3125;0;176.1676;0;;
2023-10-27 14:31:08.132;-254.8149;1.155;-810.6951;0;178.8875;0;;mapLog:isScreenLocked+True
2023-10-27 14:31:08.476;-254.8404;1.155;-811.5166;0;184.6675;0;;
2023-10-27 14:31:08.977;-255.0317;1.155;-812.7305;0;193.3374;0;;
2023-10-27 14:31:09.490;-255.4114;1.155;-813.9318;0;202.0073;0;;
2023-10-27 14:31:10.006;-255.9504;1.155;-815.0219;0;210.6772;0;;
2023-10-27 14:31:10.536;-256.7086;1.155;-816.1005;0;219.6871;0;;
2023-10-27 14:31:11.058;-257.5602;1.191208;-817.0046;0;228.697;0;;
2023-10-27 14:31:11.568;-258.4629;1.304999;-817.7153;0;237.3668;0;;
2023-10-27 14:31:12.097;-259.5306;1.304999;-818.288;0;246.3765;0;;
2023-10-27 14:31:12.599;-260.7162;1.304999;-818.7074;0;254.8761;0;;
2023-10-27 14:31:13.111;-261.9072;1.304999;-818.9385;0;263.5465;0;;
2023-10-27 14:31:13.619;-263.152;1.305;-818.9883;0;272.2169;0;;
2023-10-27 14:31:14.136;-264.3689;1.305;-818.8533;0;280.8875;0;;
2023-10-27 14:31:14.656;-265.5565;1.305;-818.531;0;289.728;0;;
2023-10-27 14:31:15.188;-266.3438;1.341944;-818.0129;0;298.9086;0;;
2023-10-27 14:31:15.700;-266.647;1.428358;-817.2206;0;307.5792;0;;
2023-10-27 14:31:16.207;-266.9388;1.443287;-816.7207;0;313.9934;0;;
2023-10-27 14:31:16.712;-267.7093;1.323002;-815.8502;0;311.0011;0;;
2023-10-27 14:31:17.244;-268.9651;1.305012;-815.6271;0;303.416;0;;
2023-10-27 14:31:17.745;-270.2727;1.305012;-815.6281;0;294.9373;0;;
2023-10-27 14:31:18.249;-271.7026;1.305015;-815.6292;0;286.2712;0;;
2023-10-27 14:31:18.485;-272.3728;1.305009;-815.6117;0;282.375;0;;mapLog:isScreenLocked+False
2023-10-27 14:31:18.523;-272.4902;1.305;-815.5867;0;281.7629;0;;mapLog:positionXYZ+-263.334+100.1125+-793.2264
2023-10-27 14:31:18.785;-273.2566;1.305;-815.4425;0;280.3476;0;;
2023-10-27 14:31:19.303;-274.7928;1.305;-815.1747;0;279.3728;0;;
2023-10-27 14:31:19.819;-276.3388;1.305;-814.9717;0;274.4668;0;;
2023-10-27 14:31:20.351;-277.9275;1.305;-814.9406;0;267.8141;0;;
2023-10-27 14:31:20.870;-279.4836;1.305;-815.0483;0;264.7651;0;;
2023-10-27 14:31:21.375;-280.9762;1.305;-815.1985;0;264.2495;0;;
2023-10-27 14:31:21.883;-282.4977;1.305;-815.3599;0;263.0848;0;;
2023-10-27 14:31:22.392;-284.0105;1.305;-815.5887;0;259.9045;0;;
2023-10-27 14:31:22.893;-285.3958;1.305;-816.0443;0;257.7208;0;;
2023-10-27 14:31:23.396;-286.8587;1.305;-816.3762;0;257.1518;0;;
2023-10-27 14:31:23.896;-288.3498;1.305;-816.7186;0;257.1518;0;;
2023-10-27 14:31:24.403;-289.8116;1.305;-817.0543;0;257.1518;0;;
2023-10-27 14:31:24.904;-291.2744;1.305;-817.3865;0;257.2896;0;;
2023-10-27 14:31:25.427;-292.83;1.305;-817.7155;0;260.2397;0;;
2023-10-27 14:31:25.943;-294.3442;1.305;-817.9346;0;262.6701;0;;
2023-10-27 14:31:26.464;-295.8938;1.305;-818.1121;0;265.1756;0;;
2023-10-27 14:31:26.968;-297.421;1.305;-818.2021;0;267.9985;0;;
2023-10-27 14:31:27.471;-298.9207;1.305;-818.245;0;268.9236;0;;
2023-10-27 14:31:27.974;-300.4206;1.305;-818.267;0;269.4861;0;;
2023-10-27 14:31:28.503;-302.0105;1.305;-818.2799;0;269.4861;0;;
2023-10-27 14:31:28.750;-302.7605;1.305;-818.286;0;269.4861;0;;mapLog:isScreenLocked+True
2023-10-27 14:31:29.033;-303.6005;1.305;-818.2928;0;269.4861;0;;
2023-10-27 14:31:29.546;-305.1304;1.305;-818.3053;0;269.4861;0;;
2023-10-27 14:31:29.731;-305.7004;1.305;-818.3099;0;269.4861;0;;mapLog:isScreenLocked+False
2023-10-27 14:31:29.764;-305.7904;1.305;-818.3107;0;269.4861;0;;mapLog:positionXYZ+-264.4474+100.1125+-793.7965
2023-10-27 14:31:30.069;-306.7203;1.305;-818.3162;0;270.4003;0;;
2023-10-27 14:31:30.587;-308.2793;1.305;-818.2622;0;272.9415;0;;
2023-10-27 14:31:31.095;-309.7777;1.305;-818.189;0;272.9428;0;;
2023-10-27 14:31:31.626;-311.366;1.305;-818.1113;0;272.9428;0;;
2023-10-27 14:31:32.136;-312.8944;1.305;-818.0366;0;272.9428;0;;
2023-10-27 14:31:32.638;-314.4228;1.304997;-817.9619;0;272.9428;0;;
2023-10-27 14:31:33.141;-315.9212;1.304997;-817.8887;0;272.9428;0;;
2023-10-27 14:31:33.647;-317.4496;1.304997;-817.814;0;272.9428;0;;
2023-10-27 14:31:34.169;-319.0079;1.304997;-817.7378;0;272.9428;0;;
2023-10-27 14:31:34.682;-320.5363;1.304997;-817.6631;0;272.9428;0;;
2023-10-27 14:31:35.185;-322.0347;1.304997;-817.5898;0;272.9428;0;;
2023-10-27 14:31:35.687;-323.5631;1.304997;-817.5151;0;272.9428;0;;
2023-10-27 14:31:36.204;-325.0915;1.304997;-817.4399;0;273.0598;0;;
2023-10-27 14:31:36.723;-326.6459;1.304997;-817.3148;0;276.7129;0;;
2023-10-27 14:31:37.247;-328.2189;1.304997;-817.0863;0;279.7965;0;;
2023-10-27 14:31:37.758;-329.7213;1.304997;-816.7994;0;281.7808;0;;
2023-10-27 14:31:38.275;-331.2157;1.304997;-816.4733;0;282.9294;0;;
2023-10-27 14:31:38.805;-332.7623;1.304997;-816.1062;0;283.8518;0;;
2023-10-27 14:31:39.315;-334.2452;1.304997;-815.7314;0;284.3867;0;;
2023-10-27 14:31:39.820;-334.5133;1.304997;-815.6632;0;284.3867;0;;
2023-10-27 14:31:39.947;-334.5133;1.304997;-815.6632;0;284.3867;0;;mapLog:positionXYZ+-264.4474+100.1125+-793.7965
2023-10-27 14:31:39.947;-334.5133;1.304997;-815.6632;0;284.3867;0;checkedIn:Village Windmill;
2023-10-27 14:31:39.948;-334.5133;1.304997;-815.6632;0;284.3867;0;DEBUG_IGNORE_ME: scenario_selected.gameTasks.Count = 0;
2023-10-27 14:31:39.977;-334.5133;1.304997;-815.6632;0;284.3867;0;;mapLog:positionXYZ+-266.0369+100.1125+-794.4764
2023-10-27 14:31:40.325;-334.5133;1.304997;-815.6632;0;284.3867;0;;
2023-10-27 14:31:40.824;-334.5151;1.304997;-815.6628;0;283.8773;0;;
2023-10-27 14:31:41.329;-334.5449;1.304997;-815.6566;0;283.8727;0;;
2023-10-27 14:31:41.828;-334.6109;1.304997;-815.6405;0;283.8727;0;;
2023-10-27 14:31:42.332;-334.6835;1.304997;-815.6222;0;283.8727;0;;
2023-10-27 14:31:42.836;-334.6956;1.304997;-815.6195;0;283.732;0;;
2023-10-27 14:31:43.342;-334.6956;1.304997;-815.6195;0;283.732;0;;
2023-10-27 14:31:43.628;-334.6956;1.304997;-815.6195;0;283.732;0;;mapLog:positionXYZ+-266.0369+100.1125+-794.4764
2023-10-27 14:31:43.659;-334.6956;1.304997;-815.6195;0;283.732;0;;mapLog:positionXYZ+-266.0369+100.1125+-794.4764
2023-10-27 14:31:43.854;-334.6956;1.304997;-815.6195;0;283.732;0;;
2023-10-27 14:31:44.367;-334.6956;1.304997;-815.6195;0;283.732;0;;
2023-10-27 14:31:44.869;-334.6956;1.304997;-815.6195;0;282.2642;0;;
2023-10-27 14:31:45.373;-334.6956;1.304997;-815.6195;0;280.2215;0;;mapLog:positionXYZ+-266.0369+100.1125+-794.4764
2023-10-27 14:31:45.374;-334.6956;1.304997;-815.6195;0;280.2215;0;;
2023-10-27 14:31:45.873;-334.6956;1.304997;-815.6195;0;278.1422;0;;
2023-10-27 14:31:46.401;-334.6956;1.304997;-815.6195;0;276.2281;0;;
2023-10-27 14:31:46.679;-334.6956;1.304997;-815.6195;0;275.3801;0;;mapLog:positionXYZ+-263.874+100.1125+-792.4681
2023-10-27 14:31:46.928;-334.6956;1.304997;-815.6195;0;274.9745;0;;
2023-10-27 14:31:47.432;-334.6956;1.304997;-815.6195;0;274.587;0;;
2023-10-27 14:31:47.943;-334.6956;1.304997;-815.6195;0;274.587;0;;
