,Unnamed: 0,DateTime,posX,posZ,taskState,mapInteractions,participant,scenario,routename,trajectory_Id,segment_name
113882,147450,2023-10-27 09:33:05.921,-1250.0,-933.744,setNavigationTarget:Cosmic Coffee,,60,2,w_to_Cosmic Coffee,804,h61
113883,147451,2023-10-27 09:33:05.947,-1250.0,-933.744,,mapLog:MapButtonPoiClick+buttonOnFollowPlayer,60,2,w_to_Cosmic Coffee,804,h61
113884,147452,2023-10-27 09:33:05.948,-1250.0,-933.744,,mapLog:MapButtonPoiClick+PoiClick_choseYES_Cosmic Coffee,60,2,w_to_Cosmic Coffee,804,h61
113885,147453,2023-10-27 09:33:05.948,-1250.0,-933.744,,,60,2,w_to_Cosmic Coffee,804,h61
113886,147454,2023-10-27 09:33:05.976,-1250.0,-933.744,,mapLog:positionXYZ+-1260.647+100+-933.7519,60,2,w_to_Cosmic Coffee,804,h61
113887,147455,2023-10-27 09:33:06.156,-1250.0,-933.744,,mapLog:positionXYZ+-1259.761+100+-933.744,60,2,w_to_Cosmic Coffee,804,h61
113888,147456,2023-10-27 09:33:06.245,-1250.0,-933.744,,mapLog:positionXYZ+-1267.527+100+-931.9924,60,2,w_to_Cosmic Coffee,804,h61
113889,147457,2023-10-27 09:33:06.453,-1250.0,-933.744,,,60,2,w_to_Cosmic Coffee,804,h61
113890,147458,2023-10-27 09:33:06.850,-1250.0,-933.744,,mapLog:positionXYZ+-1267.527+100+-931.9924,60,2,w_to_Cosmic Coffee,804,h61
113891,147459,2023-10-27 09:33:06.973,-1250.0,-933.744,,,60,2,w_to_Cosmic Coffee,804,h61
113892,147460,2023-10-27 09:33:07.481,-1250.0,-933.744,,,60,2,w_to_Cosmic Coffee,804,h61
113893,147461,2023-10-27 09:33:07.991,-1250.0,-933.744,,,60,2,w_to_Cosmic Coffee,804,h61
113894,147462,2023-10-27 09:33:08.498,-1250.0,-933.744,,,60,2,w_to_Cosmic Coffee,804,h61
113895,147463,2023-10-27 09:33:08.677,-1250.0,-933.744,,mapLog:positionXYZ+-991.2729+100+-932.9633,60,2,w_to_Cosmic Coffee,804,h61
113896,147464,2023-10-27 09:33:08.708,-1250.0,-933.744,,mapLog:positionXYZ+-990.5001+100+-934.0236,60,2,w_to_Cosmic Coffee,804,h61
113897,147465,2023-10-27 09:33:09.007,-1250.0,-933.744,,,60,2,w_to_Cosmic Coffee,804,h61
113898,147466,2023-10-27 09:33:09.516,-1250.0,-933.744,,,60,2,w_to_Cosmic Coffee,804,h61
113899,147467,2023-10-27 09:33:10.023,-1250.0,-933.744,,,60,2,w_to_Cosmic Coffee,804,h61
113900,147468,2023-10-27 09:33:10.530,-1250.0,-933.744,,,60,2,w_to_Cosmic Coffee,804,h61
113901,147469,2023-10-27 09:33:11.038,-1250.0,-933.744,,,60,2,w_to_Cosmic Coffee,804,h61
113902,147470,2023-10-27 09:33:11.068,-1250.0,-933.744,,mapLog:zoom+388.2383+rotationXYZ+90+85.02981+0,60,2,w_to_Cosmic Coffee,804,h61
113903,147471,2023-10-27 09:33:11.098,-1250.0,-933.744,,mapLog:positionXYZ+-993.3973+100+-933.6152,60,2,w_to_Cosmic Coffee,804,h61
113904,147472,2023-10-27 09:33:11.546,-1250.0,-933.744,,,60,2,w_to_Cosmic Coffee,804,h61
113905,147473,2023-10-27 09:33:12.056,-1250.0,-933.744,,,60,2,w_to_Cosmic Coffee,804,h61
113906,147474,2023-10-27 09:33:12.558,-1250.0,-933.744,,,60,2,w_to_Cosmic Coffee,804,h61
113907,147475,2023-10-27 09:33:13.080,-1250.0,-933.744,,,60,2,w_to_Cosmic Coffee,804,h61
113908,147476,2023-10-27 09:33:13.613,-1250.0,-933.744,,,60,2,w_to_Cosmic Coffee,804,h61
113909,147477,2023-10-27 09:33:14.136,-1250.0,-933.744,,,60,2,w_to_Cosmic Coffee,804,h61
113910,147478,2023-10-27 09:33:14.659,-1250.0,-933.744,,,60,2,w_to_Cosmic Coffee,804,h61
113911,147479,2023-10-27 09:33:15.193,-1250.0,-933.744,,,60,2,w_to_Cosmic Coffee,804,h61
113912,147480,2023-10-27 09:33:15.717,-1250.0,-933.744,,,60,2,w_to_Cosmic Coffee,804,h61
113913,147481,2023-10-27 09:33:16.219,-1250.0,-933.744,,,60,2,w_to_Cosmic Coffee,804,h61
113914,147482,2023-10-27 09:33:16.760,-1250.0,-933.744,,,60,2,w_to_Cosmic Coffee,804,h61
113915,147483,2023-10-27 09:33:17.265,-1250.0,-933.744,,,60,2,w_to_Cosmic Coffee,804,h61
113916,147484,2023-10-27 09:33:17.806,-1250.0,-933.75,,,60,2,w_to_Cosmic Coffee,804,h61
113917,147485,2023-10-27 09:33:18.307,-1250.0,-933.7562,,,60,2,w_to_Cosmic Coffee,804,h61
113918,147486,2023-10-27 09:33:18.811,-1250.0,-933.7623,,,60,2,w_to_Cosmic Coffee,804,h61
113919,147487,2023-10-27 09:33:19.320,-1250.0,-933.7686,,,60,2,w_to_Cosmic Coffee,804,h61
113920,147488,2023-10-27 09:33:19.826,-1250.0,-933.7747,,,60,2,w_to_Cosmic Coffee,804,h61
113921,147489,2023-10-27 09:33:20.330,-1250.0,-933.7825,,,60,2,w_to_Cosmic Coffee,804,h61
113922,147490,2023-10-27 09:33:20.839,-1250.0,-933.8972,,,60,2,w_to_Cosmic Coffee,804,h61
113923,147491,2023-10-27 09:33:21.350,-1250.0,-934.2347,,,60,2,w_to_Cosmic Coffee,804,h61
113924,147492,2023-10-27 09:33:21.472,-1247.527,-932.0,,mapLog:isScreenLocked+True,60,2,w_to_Cosmic Coffee,804,h61
113925,147493,2023-10-27 09:33:21.873,-1246.414,-932.0,,,60,2,w_to_Cosmic Coffee,804,h61
113926,147494,2023-10-27 09:33:22.388,-1245.014,-932.0,,,60,2,w_to_Cosmic Coffee,804,h61
113927,147495,2023-10-27 09:33:22.915,-1243.634,-932.0,,,60,2,w_to_Cosmic Coffee,804,h61
113928,147496,2023-10-27 09:33:23.442,-1242.232,-932.0,,,60,2,w_to_Cosmic Coffee,804,h61
113929,147497,2023-10-27 09:33:23.946,-1240.909,-932.0,,,60,2,w_to_Cosmic Coffee,804,h61
113930,147498,2023-10-27 09:33:24.484,-1239.48,-932.0,,,60,2,w_to_Cosmic Coffee,804,h61
113931,147499,2023-10-27 09:33:24.984,-1238.157,-932.0,,,60,2,w_to_Cosmic Coffee,804,h61
113932,147500,2023-10-27 09:33:25.508,-1236.754,-932.0,,,60,2,w_to_Cosmic Coffee,804,h61
113933,147501,2023-10-27 09:33:26.036,-1235.374,-932.0,,,60,2,w_to_Cosmic Coffee,804,h61
113934,147502,2023-10-27 09:33:26.554,-1233.996,-932.0,,,60,2,w_to_Cosmic Coffee,804,h61
113935,147503,2023-10-27 09:33:27.090,-1232.505,-932.0,,,60,2,w_to_Cosmic Coffee,804,h61
113936,147504,2023-10-27 09:33:27.600,-1231.073,-932.0,,,60,2,w_to_Cosmic Coffee,804,h61
113937,147505,2023-10-27 09:33:28.105,-1229.646,-932.0,,,60,2,w_to_Cosmic Coffee,804,h61
113938,147506,2023-10-27 09:33:28.619,-1228.147,-932.0,,,60,2,w_to_Cosmic Coffee,804,h61
113939,147507,2023-10-27 09:33:29.141,-1226.647,-932.0,,,60,2,w_to_Cosmic Coffee,804,h61
113940,147508,2023-10-27 09:33:29.658,-1225.13,-932.0,,,60,2,w_to_Cosmic Coffee,804,h61
113941,147509,2023-10-27 09:33:30.184,-1223.602,-932.0,,,60,2,w_to_Cosmic Coffee,804,h61
113942,147510,2023-10-27 09:33:30.707,-1222.033,-932.0,,,60,2,w_to_Cosmic Coffee,804,h61
113943,147511,2023-10-27 09:33:31.239,-1220.457,-932.0,,,60,2,w_to_Cosmic Coffee,804,h61
113944,147512,2023-10-27 09:33:31.743,-1218.964,-932.0,,,60,2,w_to_Cosmic Coffee,804,h61
113945,147513,2023-10-27 09:33:32.256,-1217.434,-932.0,,,60,2,w_to_Cosmic Coffee,804,h61
113946,147514,2023-10-27 09:33:32.776,-1215.843,-932.0,,,60,2,w_to_Cosmic Coffee,804,h61
113947,147515,2023-10-27 09:33:33.299,-1214.281,-932.0,,,60,2,w_to_Cosmic Coffee,804,h61
113948,147516,2023-10-27 09:33:33.822,-1212.72,-932.0,,,60,2,w_to_Cosmic Coffee,804,h61
113949,147517,2023-10-27 09:33:34.346,-1211.128,-932.0,,,60,2,w_to_Cosmic Coffee,804,h61
113950,147518,2023-10-27 09:33:34.879,-1209.537,-932.0,,,60,2,w_to_Cosmic Coffee,804,h61
113951,147519,2023-10-27 09:33:35.394,-1208.005,-932.0,,,60,2,w_to_Cosmic Coffee,804,h61
113952,147520,2023-10-27 09:33:35.919,-1206.414,-932.0,,,60,2,w_to_Cosmic Coffee,804,h61
113953,147521,2023-10-27 09:33:36.444,-1204.852,-932.0,,,60,2,w_to_Cosmic Coffee,804,h61
113954,147522,2023-10-27 09:33:36.858,-1203.591,-932.0,,mapLog:isScreenLocked+False,60,2,w_to_Cosmic Coffee,804,h61
113955,147523,2023-10-27 09:33:36.898,-1203.471,-932.0,,mapLog:positionXYZ+-996.5035+100+-924.5802,60,2,w_to_Cosmic Coffee,804,h61
113956,147524,2023-10-27 09:33:36.982,-1203.23,-932.0,,,60,2,w_to_Cosmic Coffee,804,h61
113957,147525,2023-10-27 09:33:37.513,-1201.639,-932.0,,,60,2,w_to_Cosmic Coffee,804,h61
113958,147526,2023-10-27 09:33:38.048,-1200.017,-932.0,,,60,2,w_to_Cosmic Coffee,804,h61
113959,147527,2023-10-27 09:33:38.584,-1198.426,-932.0,,,60,2,w_to_Cosmic Coffee,804,h61
113960,147528,2023-10-27 09:33:39.104,-1196.864,-932.0,,,60,2,w_to_Cosmic Coffee,804,h61
113961,147529,2023-10-27 09:33:39.632,-1195.273,-932.0,,,60,2,w_to_Cosmic Coffee,804,h61
113962,147530,2023-10-27 09:33:40.159,-1193.681,-932.0,,,60,2,w_to_Cosmic Coffee,804,h61
113963,147531,2023-10-27 09:33:40.660,-1192.18,-932.0,,,60,2,w_to_Cosmic Coffee,804,h61
113964,147532,2023-10-27 09:33:41.166,-1190.648,-932.0,,,60,2,w_to_Cosmic Coffee,804,h61
113965,147533,2023-10-27 09:33:41.674,-1189.147,-932.0,,,60,2,w_to_Cosmic Coffee,804,h61
113966,147534,2023-10-27 09:33:42.185,-1187.615,-932.0,,,60,2,w_to_Cosmic Coffee,804,h61
113967,147535,2023-10-27 09:33:42.685,-1186.084,-932.0,,,60,2,w_to_Cosmic Coffee,804,h61
113968,147536,2023-10-27 09:33:43.200,-1184.552,-932.0,,,60,2,w_to_Cosmic Coffee,804,h61
113969,147537,2023-10-27 09:33:43.711,-1183.021,-932.0,,,60,2,w_to_Cosmic Coffee,804,h61
113970,147538,2023-10-27 09:33:44.216,-1181.489,-932.0,,,60,2,w_to_Cosmic Coffee,804,h61
113971,147539,2023-10-27 09:33:44.719,-1179.988,-932.0,,,60,2,w_to_Cosmic Coffee,804,h61
113972,147540,2023-10-27 09:33:45.232,-1178.456,-932.0,,,60,2,w_to_Cosmic Coffee,804,h61
113973,147541,2023-10-27 09:33:45.742,-1176.925,-932.0,,,60,2,w_to_Cosmic Coffee,804,h61
113974,147542,2023-10-27 09:33:46.250,-1175.393,-932.0,,,60,2,w_to_Cosmic Coffee,804,h61
113975,147543,2023-10-27 09:33:46.761,-1173.862,-932.0,,,60,2,w_to_Cosmic Coffee,804,h61
113976,147544,2023-10-27 09:33:47.056,-1172.961,-932.0,,mapLog:isScreenLocked+True,60,2,w_to_Cosmic Coffee,804,h61
113977,147545,2023-10-27 09:33:47.266,-1172.333,-932.0,,,60,2,w_to_Cosmic Coffee,804,h61
113978,147546,2023-10-27 09:33:47.771,-1170.838,-932.0,,,60,2,w_to_Cosmic Coffee,804,h61
113979,147547,2023-10-27 09:33:48.286,-1169.282,-932.0,,,60,2,w_to_Cosmic Coffee,804,h61
113980,147548,2023-10-27 09:33:48.806,-1167.727,-932.0,,,60,2,w_to_Cosmic Coffee,804,h61
113981,147549,2023-10-27 09:33:49.310,-1166.232,-932.0,,,60,2,w_to_Cosmic Coffee,804,h61
113982,147550,2023-10-27 09:33:49.817,-1164.707,-932.0,,,60,2,w_to_Cosmic Coffee,804,h61
113983,147551,2023-10-27 09:33:50.326,-1150.0,-945.5607,,,60,2,w_to_Cosmic Coffee,804,v24
113984,147552,2023-10-27 09:33:50.831,-1150.0,-945.9497,,,60,2,w_to_Cosmic Coffee,804,v24
113985,147553,2023-10-27 09:33:51.353,-1150.0,-946.0569,,,60,2,w_to_Cosmic Coffee,804,v24
113986,147554,2023-10-27 09:33:51.853,-1150.0,-946.062,,,60,2,w_to_Cosmic Coffee,804,v24
113987,147555,2023-10-27 09:33:52.368,-1150.0,-945.9493,,,60,2,w_to_Cosmic Coffee,804,v24
113988,147556,2023-10-27 09:33:52.883,-1150.0,-945.4904,,,60,2,w_to_Cosmic Coffee,804,v24
113989,147557,2023-10-27 09:33:53.389,-1150.0,-945.4836,,,60,2,w_to_Cosmic Coffee,804,v24
113990,147558,2023-10-27 09:33:53.901,-1150.0,-945.5281,,,60,2,w_to_Cosmic Coffee,804,v24
113991,147559,2023-10-27 09:33:54.417,-1150.0,-945.5768,,,60,2,w_to_Cosmic Coffee,804,v24
113992,147560,2023-10-27 09:33:54.932,-1150.0,-945.8516,,,60,2,w_to_Cosmic Coffee,804,v24
113993,147561,2023-10-27 09:33:55.447,-1150.0,-947.2736,,,60,2,w_to_Cosmic Coffee,804,v24
113994,147562,2023-10-27 09:33:55.962,-1150.0,-948.8051,,,60,2,w_to_Cosmic Coffee,804,v24
113995,147563,2023-10-27 09:33:56.476,-1150.0,-950.3666,,,60,2,w_to_Cosmic Coffee,804,v24
113996,147564,2023-10-27 09:33:56.980,-1150.0,-951.868,,,60,2,w_to_Cosmic Coffee,804,v24
113997,147565,2023-10-27 09:33:57.491,-1150.0,-953.3995,,,60,2,w_to_Cosmic Coffee,804,v24
113998,147566,2023-10-27 09:33:57.997,-1150.0,-954.931,,,60,2,w_to_Cosmic Coffee,804,v24
113999,147567,2023-10-27 09:33:58.512,-1150.0,-956.4625,,,60,2,w_to_Cosmic Coffee,804,v24
114000,147568,2023-10-27 09:33:59.029,-1150.0,-957.8319,,,60,2,w_to_Cosmic Coffee,804,v24
114001,147569,2023-10-27 09:33:59.547,-1150.0,-959.391,,,60,2,w_to_Cosmic Coffee,804,v24
114002,147570,2023-10-27 09:34:00.049,-1150.0,-960.8925,,,60,2,w_to_Cosmic Coffee,804,v24
114003,147571,2023-10-27 09:34:00.559,-1150.0,-962.424,,,60,2,w_to_Cosmic Coffee,804,v24
114004,147572,2023-10-27 09:34:01.077,-1150.0,-963.9855,,,60,2,w_to_Cosmic Coffee,804,v24
114005,147573,2023-10-27 09:34:01.593,-1150.0,-965.517,,,60,2,w_to_Cosmic Coffee,804,v24
114006,147574,2023-10-27 09:34:02.100,-1150.0,-967.0485,,,60,2,w_to_Cosmic Coffee,804,v24
114007,147575,2023-10-27 09:34:02.612,-1150.0,-968.58,,,60,2,w_to_Cosmic Coffee,804,v24
114008,147576,2023-10-27 09:34:03.124,-1150.0,-970.1115,,,60,2,w_to_Cosmic Coffee,804,v24
114009,147577,2023-10-27 09:34:03.638,-1150.0,-971.673,,,60,2,w_to_Cosmic Coffee,804,v24
114010,147578,2023-10-27 09:34:04.149,-1150.0,-973.2045,,,60,2,w_to_Cosmic Coffee,804,v24
114011,147579,2023-10-27 09:34:04.657,-1150.0,-974.6696,,,60,2,w_to_Cosmic Coffee,804,v24
114012,147580,2023-10-27 09:34:05.162,-1150.0,-976.171,,,60,2,w_to_Cosmic Coffee,804,v24
114013,147581,2023-10-27 09:34:05.665,-1150.0,-977.6725,,,60,2,w_to_Cosmic Coffee,804,v24
114014,147582,2023-10-27 09:34:06.181,-1150.0,-979.234,,,60,2,w_to_Cosmic Coffee,804,v24
114015,147583,2023-10-27 09:34:06.703,-1150.0,-980.7955,,,60,2,w_to_Cosmic Coffee,804,v24
114016,147584,2023-10-27 09:34:07.209,-1150.0,-982.327,,,60,2,w_to_Cosmic Coffee,804,v24
114017,147585,2023-10-27 09:34:07.716,-1150.0,-983.8585,,,60,2,w_to_Cosmic Coffee,804,v24
114018,147586,2023-10-27 09:34:08.235,-1150.0,-985.39,,,60,2,w_to_Cosmic Coffee,804,v24
114019,147587,2023-10-27 09:34:08.739,-1150.0,-986.9215,,,60,2,w_to_Cosmic Coffee,804,v24
114020,147588,2023-10-27 09:34:09.247,-1150.0,-988.453,,,60,2,w_to_Cosmic Coffee,804,v24
114021,147589,2023-10-27 09:34:09.761,-1150.0,-989.9845,,,60,2,w_to_Cosmic Coffee,804,v24
114022,147590,2023-10-27 09:34:10.267,-1150.0,-991.516,,,60,2,w_to_Cosmic Coffee,804,v24
114023,147591,2023-10-27 09:34:10.771,-1150.0,-993.0175,,,60,2,w_to_Cosmic Coffee,804,v24
114024,147592,2023-10-27 09:34:11.283,-1150.0,-994.549,,,60,2,w_to_Cosmic Coffee,804,v24
114025,147593,2023-10-27 09:34:11.797,-1150.0,-996.1105,,,60,2,w_to_Cosmic Coffee,804,v24
114026,147594,2023-10-27 09:34:12.300,-1150.0,-997.5656,,,60,2,w_to_Cosmic Coffee,804,v24
114027,147595,2023-10-27 09:34:12.810,-1150.0,-999.097,,,60,2,w_to_Cosmic Coffee,804,v24
114028,147596,2023-10-27 09:34:13.330,-1150.0,-1000.659,,,60,2,w_to_Cosmic Coffee,804,v24
114029,147597,2023-10-27 09:34:13.834,-1150.0,-1002.16,,,60,2,w_to_Cosmic Coffee,804,v24
114030,147598,2023-10-27 09:34:14.346,-1150.0,-1003.722,,,60,2,w_to_Cosmic Coffee,804,v24
114031,147599,2023-10-27 09:34:14.861,-1150.0,-1005.253,,,60,2,w_to_Cosmic Coffee,804,v24
114032,147600,2023-10-27 09:34:15.374,-1150.0,-1006.785,,,60,2,w_to_Cosmic Coffee,804,v24
114033,147601,2023-10-27 09:34:15.889,-1150.0,-1008.346,,,60,2,w_to_Cosmic Coffee,804,v24
114034,147602,2023-10-27 09:34:16.404,-1150.0,-1009.878,,,60,2,w_to_Cosmic Coffee,804,v24
114035,147603,2023-10-27 09:34:16.916,-1150.0,-1011.43,,,60,2,w_to_Cosmic Coffee,804,v24
114036,147604,2023-10-27 09:34:17.416,-1150.0,-1012.906,,,60,2,w_to_Cosmic Coffee,804,v24
114037,147605,2023-10-27 09:34:17.933,-1150.0,-1014.391,,,60,2,w_to_Cosmic Coffee,804,v24
114038,147606,2023-10-27 09:34:18.449,-1150.0,-1015.882,,,60,2,w_to_Cosmic Coffee,804,v24
114039,147607,2023-10-27 09:34:18.970,-1150.0,-1017.346,,,60,2,w_to_Cosmic Coffee,804,v24
114040,147608,2023-10-27 09:34:19.492,-1150.0,-1018.8,,,60,2,w_to_Cosmic Coffee,804,v24
114041,147609,2023-10-27 09:34:20.014,-1150.0,-1020.253,,,60,2,w_to_Cosmic Coffee,804,v24
114042,147610,2023-10-27 09:34:20.522,-1150.0,-1021.679,,,60,2,w_to_Cosmic Coffee,804,v24
114043,147611,2023-10-27 09:34:21.040,-1150.0,-1023.133,,,60,2,w_to_Cosmic Coffee,804,v24
114044,147612,2023-10-27 09:34:21.565,-1150.0,-1024.613,,,60,2,w_to_Cosmic Coffee,804,v24
114045,147613,2023-10-27 09:34:22.076,-1150.0,-1026.034,,,60,2,w_to_Cosmic Coffee,804,v24
114046,147614,2023-10-27 09:34:22.595,-1150.0,-1027.438,,,60,2,w_to_Cosmic Coffee,804,v24
114047,147615,2023-10-27 09:34:23.110,-1150.0,-1028.713,,,60,2,w_to_Cosmic Coffee,804,v24
114048,147616,2023-10-27 09:34:23.624,-1150.0,-1029.896,,,60,2,w_to_Cosmic Coffee,804,v24
114049,147617,2023-10-27 09:34:24.127,-1150.0,-1031.025,,,60,2,w_to_Cosmic Coffee,804,v24
114050,147618,2023-10-27 09:34:24.642,-1150.0,-1032.0,,,60,2,w_to_Cosmic Coffee,804,v24
114051,147619,2023-10-27 09:34:25.169,-1150.0,-1032.0,,,60,2,w_to_Cosmic Coffee,804,v24
114052,147620,2023-10-27 09:34:25.670,-1148.964,-1032.0,,,60,2,w_to_Cosmic Coffee,804,h71
114053,147621,2023-10-27 09:34:26.194,-1147.703,-1032.0,,,60,2,w_to_Cosmic Coffee,804,h71
114054,147622,2023-10-27 09:34:26.699,-1146.451,-1032.0,,,60,2,w_to_Cosmic Coffee,804,h71
114055,147623,2023-10-27 09:34:27.230,-1145.151,-1032.0,,,60,2,w_to_Cosmic Coffee,804,h71
114056,147624,2023-10-27 09:34:27.736,-1143.898,-1032.0,,,60,2,w_to_Cosmic Coffee,804,h71
114057,147625,2023-10-27 09:34:28.245,-1142.661,-1032.0,,,60,2,w_to_Cosmic Coffee,804,h71
114058,147626,2023-10-27 09:34:28.771,-1141.302,-1032.0,,,60,2,w_to_Cosmic Coffee,804,h71
114059,147627,2023-10-27 09:34:29.304,-1139.882,-1032.0,,,60,2,w_to_Cosmic Coffee,804,h71
114060,147628,2023-10-27 09:34:29.835,-1138.424,-1032.0,,,60,2,w_to_Cosmic Coffee,804,h71
114061,147629,2023-10-27 09:34:30.359,-1136.941,-1032.0,,,60,2,w_to_Cosmic Coffee,804,h71
114062,147630,2023-10-27 09:34:30.875,-1135.484,-1032.0,,,60,2,w_to_Cosmic Coffee,804,h71
114063,147631,2023-10-27 09:34:31.383,-1134.002,-1032.0,,,60,2,w_to_Cosmic Coffee,804,h71
114064,147632,2023-10-27 09:34:31.893,-1132.502,-1032.0,,,60,2,w_to_Cosmic Coffee,804,h71
114065,147633,2023-10-27 09:34:32.394,-1131.021,-1032.0,,,60,2,w_to_Cosmic Coffee,804,h71
114066,147634,2023-10-27 09:34:32.902,-1129.502,-1032.0,,,60,2,w_to_Cosmic Coffee,804,h71
114067,147635,2023-10-27 09:34:33.408,-1127.983,-1032.0,,,60,2,w_to_Cosmic Coffee,804,h71
114068,147636,2023-10-27 09:34:33.933,-1126.434,-1032.0,,,60,2,w_to_Cosmic Coffee,804,h71
114069,147637,2023-10-27 09:34:34.465,-1124.855,-1032.0,,,60,2,w_to_Cosmic Coffee,804,h71
114070,147638,2023-10-27 09:34:34.968,-1123.336,-1032.0,,,60,2,w_to_Cosmic Coffee,804,h71
114071,147639,2023-10-27 09:34:35.478,-1121.817,-1032.0,,,60,2,w_to_Cosmic Coffee,804,h71
114072,147640,2023-10-27 09:34:35.991,-1120.298,-1032.0,,,60,2,w_to_Cosmic Coffee,804,h71
114073,147641,2023-10-27 09:34:36.509,-1118.749,-1032.0,,,60,2,w_to_Cosmic Coffee,804,h71
114074,147642,2023-10-27 09:34:37.040,-1117.171,-1032.0,,,60,2,w_to_Cosmic Coffee,804,h71
114075,147643,2023-10-27 09:34:37.567,-1115.592,-1032.0,,,60,2,w_to_Cosmic Coffee,804,h71
114076,147644,2023-10-27 09:34:38.099,-1114.013,-1032.0,,,60,2,w_to_Cosmic Coffee,804,h71
114077,147645,2023-10-27 09:34:38.635,-1112.431,-1032.0,,,60,2,w_to_Cosmic Coffee,804,h71
114078,147646,2023-10-27 09:34:39.163,-1110.845,-1032.0,,,60,2,w_to_Cosmic Coffee,804,h71
114079,147647,2023-10-27 09:34:39.667,-1109.32,-1032.0,,,60,2,w_to_Cosmic Coffee,804,h71
114080,147648,2023-10-27 09:34:40.201,-1107.735,-1032.0,,,60,2,w_to_Cosmic Coffee,804,h71
114081,147649,2023-10-27 09:34:40.709,-1106.21,-1032.0,,,60,2,w_to_Cosmic Coffee,804,h71
114082,147650,2023-10-27 09:34:41.237,-1104.625,-1032.0,,,60,2,w_to_Cosmic Coffee,804,h71
114083,147651,2023-10-27 09:34:41.771,-1103.036,-1032.0,,,60,2,w_to_Cosmic Coffee,804,h71
114084,147652,2023-10-27 09:34:42.271,-1101.535,-1032.0,,,60,2,w_to_Cosmic Coffee,804,h71
114085,147653,2023-10-27 09:34:42.778,-1100.003,-1032.0,,,60,2,w_to_Cosmic Coffee,804,h71
114086,147654,2023-10-27 09:34:43.291,-1098.472,-1032.0,,,60,2,w_to_Cosmic Coffee,804,h71
114087,147655,2023-10-27 09:34:43.796,-1096.97,-1032.0,,,60,2,w_to_Cosmic Coffee,804,h71
114088,147656,2023-10-27 09:34:44.330,-1095.356,-1032.0,,,60,2,w_to_Cosmic Coffee,804,h71
114089,147657,2023-10-27 09:34:44.845,-1093.848,-1032.0,,,60,2,w_to_Cosmic Coffee,804,h71
114090,147658,2023-10-27 09:34:45.351,-1092.371,-1032.0,,,60,2,w_to_Cosmic Coffee,804,h71
114091,147659,2023-10-27 09:34:45.391,-1092.257,-1032.0,,mapLog:isScreenLocked+False,60,2,w_to_Cosmic Coffee,804,h71
114092,147660,2023-10-27 09:34:45.432,-1092.142,-1032.0,,mapLog:positionXYZ+-993.7516+100+-915.5868,60,2,w_to_Cosmic Coffee,804,h71
114093,147661,2023-10-27 09:34:45.871,-1091.148,-1032.0,,,60,2,w_to_Cosmic Coffee,804,h71
114094,147662,2023-10-27 09:34:46.384,-1090.616,-1032.0,,,60,2,w_to_Cosmic Coffee,804,h71
114095,147663,2023-10-27 09:34:46.896,-1090.39,-1032.0,,,60,2,w_to_Cosmic Coffee,804,h71
114096,147664,2023-10-27 09:34:47.398,-1090.071,-1032.0,,,60,2,w_to_Cosmic Coffee,804,h71
114097,147665,2023-10-27 09:34:47.930,-1089.73,-1032.0,,,60,2,w_to_Cosmic Coffee,804,h71
114098,147666,2023-10-27 09:34:48.454,-1089.395,-1032.0,,,60,2,w_to_Cosmic Coffee,804,h71
114099,147667,2023-10-27 09:34:48.955,-1089.025,-1032.0,,,60,2,w_to_Cosmic Coffee,804,h71
114100,147668,2023-10-27 09:34:49.467,-1087.953,-1032.0,,,60,2,w_to_Cosmic Coffee,804,h71
114101,147669,2023-10-27 09:34:49.977,-1086.422,-1032.0,,,60,2,w_to_Cosmic Coffee,804,h71
114102,147670,2023-10-27 09:34:50.488,-1084.89,-1032.0,,,60,2,w_to_Cosmic Coffee,804,h71
114103,147671,2023-10-27 09:34:51.002,-1083.359,-1032.0,,,60,2,w_to_Cosmic Coffee,804,h71
114104,147672,2023-10-27 09:34:51.516,-1081.797,-1032.0,,,60,2,w_to_Cosmic Coffee,804,h71
114105,147673,2023-10-27 09:34:52.018,-1080.296,-1032.0,,,60,2,w_to_Cosmic Coffee,804,h71
114106,147674,2023-10-27 09:34:52.546,-1078.704,-1032.0,,,60,2,w_to_Cosmic Coffee,804,h71
114107,147675,2023-10-27 09:34:53.076,-1077.113,-1032.0,,,60,2,w_to_Cosmic Coffee,804,h71
114108,147676,2023-10-27 09:34:53.592,-1075.581,-1032.0,,,60,2,w_to_Cosmic Coffee,804,h71
114109,147677,2023-10-27 09:34:54.116,-1074.002,-1032.0,,,60,2,w_to_Cosmic Coffee,804,h71
114110,147678,2023-10-27 09:34:54.638,-1072.477,-1032.0,,,60,2,w_to_Cosmic Coffee,804,h71
114111,147679,2023-10-27 09:34:55.162,-1070.977,-1032.0,,,60,2,w_to_Cosmic Coffee,804,h71
114112,147680,2023-10-27 09:34:55.482,-1070.059,-1032.0,,mapLog:isScreenLocked+True,60,2,w_to_Cosmic Coffee,804,h71
114113,147681,2023-10-27 09:34:55.699,-1069.427,-1032.0,,,60,2,w_to_Cosmic Coffee,804,h71
114114,147682,2023-10-27 09:34:56.203,-1067.999,-1032.0,,,60,2,w_to_Cosmic Coffee,804,h71
114115,147683,2023-10-27 09:34:56.719,-1066.513,-1032.0,,,60,2,w_to_Cosmic Coffee,804,h71
114116,147684,2023-10-27 09:34:57.250,-1064.999,-1032.0,,,60,2,w_to_Cosmic Coffee,804,h71
114117,147685,2023-10-27 09:34:57.778,-1050.0,-1046.996,,,60,2,w_to_Cosmic Coffee,804,h72
114118,147686,2023-10-27 09:34:58.305,-1050.0,-1047.429,,,60,2,w_to_Cosmic Coffee,804,h72
114119,147687,2023-10-27 09:34:58.836,-1050.0,-1047.797,,,60,2,w_to_Cosmic Coffee,804,h72
114120,147688,2023-10-27 09:34:59.341,-1050.0,-1048.045,,,60,2,w_to_Cosmic Coffee,804,h72
114121,147689,2023-10-27 09:34:59.873,-1050.0,-1048.178,,,60,2,w_to_Cosmic Coffee,804,h72
114122,147690,2023-10-27 09:35:00.395,-1050.0,-1048.209,,,60,2,w_to_Cosmic Coffee,804,h72
114123,147691,2023-10-27 09:35:00.917,-1050.0,-1048.22,,,60,2,w_to_Cosmic Coffee,804,h72
114124,147692,2023-10-27 09:35:01.438,-1050.0,-1048.23,,,60,2,w_to_Cosmic Coffee,804,h72
114125,147693,2023-10-27 09:35:01.955,-1050.0,-1048.24,,,60,2,w_to_Cosmic Coffee,804,h72
114126,147694,2023-10-27 09:35:02.472,-1050.0,-1048.25,,,60,2,w_to_Cosmic Coffee,804,h72
114127,147695,2023-10-27 09:35:03.006,-1050.0,-1048.259,,,60,2,w_to_Cosmic Coffee,804,h72
114128,147696,2023-10-27 09:35:03.510,-1050.0,-1048.27,,,60,2,w_to_Cosmic Coffee,804,h72
114129,147697,2023-10-27 09:35:04.015,-1050.0,-1048.278,,,60,2,w_to_Cosmic Coffee,804,h72
114130,147698,2023-10-27 09:35:04.519,-1050.0,-1048.279,,,60,2,w_to_Cosmic Coffee,804,h72
114131,147699,2023-10-27 09:35:05.028,-1050.0,-1048.217,,,60,2,w_to_Cosmic Coffee,804,h72
114132,147700,2023-10-27 09:35:05.531,-1050.0,-1048.075,,,60,2,w_to_Cosmic Coffee,804,h72
114133,147701,2023-10-27 09:35:06.037,-1050.0,-1047.864,,,60,2,w_to_Cosmic Coffee,804,h72
114134,147702,2023-10-27 09:35:06.549,-1050.0,-1047.592,,,60,2,w_to_Cosmic Coffee,804,h72
114135,147703,2023-10-27 09:35:07.073,-1050.0,-1047.29,,,60,2,w_to_Cosmic Coffee,804,h72
114136,147704,2023-10-27 09:35:07.587,-1034.382,-1032.0,,,60,2,w_to_Cosmic Coffee,804,h72
114137,147705,2023-10-27 09:35:08.099,-1032.901,-1032.0,,,60,2,w_to_Cosmic Coffee,804,h72
114138,147706,2023-10-27 09:35:08.630,-1031.348,-1032.0,,,60,2,w_to_Cosmic Coffee,804,h72
114139,147707,2023-10-27 09:35:09.135,-1029.877,-1032.0,,,60,2,w_to_Cosmic Coffee,804,h72
114140,147708,2023-10-27 09:35:09.650,-1028.344,-1032.0,,,60,2,w_to_Cosmic Coffee,804,h72
114141,147709,2023-10-27 09:35:10.153,-1026.86,-1032.0,,,60,2,w_to_Cosmic Coffee,804,h72
114142,147710,2023-10-27 09:35:10.662,-1025.341,-1032.0,,,60,2,w_to_Cosmic Coffee,804,h72
114143,147711,2023-10-27 09:35:11.170,-1023.817,-1032.0,,,60,2,w_to_Cosmic Coffee,804,h72
114144,147712,2023-10-27 09:35:11.689,-1022.261,-1032.0,,,60,2,w_to_Cosmic Coffee,804,h72
114145,147713,2023-10-27 09:35:12.196,-1020.734,-1032.0,,,60,2,w_to_Cosmic Coffee,804,h72
114146,147714,2023-10-27 09:35:12.720,-1019.176,-1032.0,,,60,2,w_to_Cosmic Coffee,804,h72
114147,147715,2023-10-27 09:35:13.227,-1017.648,-1032.0,,,60,2,w_to_Cosmic Coffee,804,h72
114148,147716,2023-10-27 09:35:13.732,-1016.149,-1032.0,,,60,2,w_to_Cosmic Coffee,804,h72
114149,147717,2023-10-27 09:35:14.237,-1014.621,-1032.0,,,60,2,w_to_Cosmic Coffee,804,h72
114150,147718,2023-10-27 09:35:14.745,-1013.122,-1032.0,,,60,2,w_to_Cosmic Coffee,804,h72
114151,147719,2023-10-27 09:35:15.256,-1011.594,-1032.0,,,60,2,w_to_Cosmic Coffee,804,h72
114152,147720,2023-10-27 09:35:15.769,-1010.036,-1032.0,,,60,2,w_to_Cosmic Coffee,804,h72
114153,147721,2023-10-27 09:35:16.287,-1008.477,-1032.0,,,60,2,w_to_Cosmic Coffee,804,h72
114154,147722,2023-10-27 09:35:16.810,-1006.919,-1032.0,,,60,2,w_to_Cosmic Coffee,804,h72
114155,147723,2023-10-27 09:35:17.336,-1005.331,-1032.0,,,60,2,w_to_Cosmic Coffee,804,h72
114156,147724,2023-10-27 09:35:17.843,-1003.832,-1032.0,,,60,2,w_to_Cosmic Coffee,804,h72
114157,147725,2023-10-27 09:35:18.365,-1002.274,-1032.0,,,60,2,w_to_Cosmic Coffee,804,h72
114158,147726,2023-10-27 09:35:18.888,-1000.686,-1032.0,,,60,2,w_to_Cosmic Coffee,804,h72
114159,147727,2023-10-27 09:35:19.411,-999.1273,-1032.0,,,60,2,w_to_Cosmic Coffee,804,h72
114160,147728,2023-10-27 09:35:19.927,-997.5689,-1032.0,,,60,2,w_to_Cosmic Coffee,804,h72
114161,147729,2023-10-27 09:35:20.447,-996.0405,-1032.0,,,60,2,w_to_Cosmic Coffee,804,h72
114162,147730,2023-10-27 09:35:20.965,-994.4822,-1032.0,,,60,2,w_to_Cosmic Coffee,804,h72
114163,147731,2023-10-27 09:35:21.487,-992.8939,-1032.0,,,60,2,w_to_Cosmic Coffee,804,h72
114164,147732,2023-10-27 09:35:22.001,-991.3655,-1032.0,,,60,2,w_to_Cosmic Coffee,804,h72
114165,147733,2023-10-27 09:35:22.504,-989.8671,-1032.0,,,60,2,w_to_Cosmic Coffee,804,h72
114166,147734,2023-10-27 09:35:23.018,-988.3087,-1032.0,,,60,2,w_to_Cosmic Coffee,804,h72
114167,147735,2023-10-27 09:35:23.531,-986.7803,-1032.0,,,60,2,w_to_Cosmic Coffee,804,h72
114168,147736,2023-10-27 09:35:24.044,-985.252,-1032.0,,,60,2,w_to_Cosmic Coffee,804,h72
114169,147737,2023-10-27 09:35:24.568,-983.6636,-1032.0,,,60,2,w_to_Cosmic Coffee,804,h72
114170,147738,2023-10-27 09:35:25.077,-982.1353,-1032.0,,,60,2,w_to_Cosmic Coffee,804,h72
114171,147739,2023-10-27 09:35:25.592,-980.6069,-1032.0,,,60,2,w_to_Cosmic Coffee,804,h72
114172,147740,2023-10-27 09:35:26.113,-979.0485,-1032.0,,,60,2,w_to_Cosmic Coffee,804,h72
114173,147741,2023-10-27 09:35:26.617,-977.5201,-1032.0,,,60,2,w_to_Cosmic Coffee,804,h72
114174,147742,2023-10-27 09:35:27.129,-975.9918,-1032.0,,,60,2,w_to_Cosmic Coffee,804,h72
114175,147743,2023-10-27 09:35:27.630,-974.4935,-1032.0,,,60,2,w_to_Cosmic Coffee,804,h72
114176,147744,2023-10-27 09:35:28.139,-972.9709,-1032.0,,,60,2,w_to_Cosmic Coffee,804,h72
114177,147745,2023-10-27 09:35:28.651,-971.4584,-1032.0,,,60,2,w_to_Cosmic Coffee,804,h72
114178,147746,2023-10-27 09:35:29.168,-969.9199,-1032.0,,,60,2,w_to_Cosmic Coffee,804,h72
114179,147747,2023-10-27 09:35:29.693,-968.3838,-1032.0,,,60,2,w_to_Cosmic Coffee,804,h72
114180,147748,2023-10-27 09:35:30.211,-966.854,-1032.0,,,60,2,w_to_Cosmic Coffee,804,h72
114181,147749,2023-10-27 09:35:30.729,-965.8009,-1032.0,,,60,2,w_to_Cosmic Coffee,804,h72
114182,147750,2023-10-27 09:35:31.251,-964.2974,-1032.0,,,60,2,w_to_Cosmic Coffee,804,h72
114183,147751,2023-10-27 09:35:31.776,-962.7818,-1032.0,,,60,2,w_to_Cosmic Coffee,804,h72
114184,147752,2023-10-27 09:35:32.284,-961.3701,-1032.0,,,60,2,w_to_Cosmic Coffee,804,h72
114185,147753,2023-10-27 09:35:32.809,-959.8976,-1032.0,,,60,2,w_to_Cosmic Coffee,804,h72
114186,147754,2023-10-27 09:35:33.332,-958.4879,-1032.0,,,60,2,w_to_Cosmic Coffee,804,h72
114187,147755,2023-10-27 09:35:33.838,-957.139,-1032.0,,,60,2,w_to_Cosmic Coffee,804,h72
114188,147756,2023-10-27 09:35:34.346,-955.8005,-1032.0,,,60,2,w_to_Cosmic Coffee,804,h72
114189,147757,2023-10-27 09:35:34.854,-954.475,-1032.0,,,60,2,w_to_Cosmic Coffee,804,h72
114190,147758,2023-10-27 09:35:35.368,-953.0777,-1032.0,,,60,2,w_to_Cosmic Coffee,804,h72
114191,147759,2023-10-27 09:35:35.885,-951.7394,-1032.0,,,60,2,w_to_Cosmic Coffee,804,h72
114192,147760,2023-10-27 09:35:36.399,-950.3995,-1032.0,,,60,2,w_to_Cosmic Coffee,804,h72
114193,147761,2023-10-27 09:35:36.914,-950.0,-1032.0,,,60,2,w_to_Cosmic Coffee,804,v44
114194,147762,2023-10-27 09:35:37.415,-950.0,-1032.0,,,60,2,w_to_Cosmic Coffee,804,v44
114195,147763,2023-10-27 09:35:37.923,-950.0,-1032.0,,,60,2,w_to_Cosmic Coffee,804,v44
114196,147764,2023-10-27 09:35:38.440,-950.0,-1032.0,,,60,2,w_to_Cosmic Coffee,804,v44
114197,147765,2023-10-27 09:35:38.954,-950.0,-1031.981,,,60,2,w_to_Cosmic Coffee,804,v44
114198,147766,2023-10-27 09:35:39.464,-950.0,-1030.747,,,60,2,w_to_Cosmic Coffee,804,v44
114199,147767,2023-10-27 09:35:39.965,-950.0,-1029.49,,,60,2,w_to_Cosmic Coffee,804,v44
114200,147768,2023-10-27 09:35:40.471,-950.0,-1028.163,,,60,2,w_to_Cosmic Coffee,804,v44
114201,147769,2023-10-27 09:35:40.986,-950.0,-1026.771,,,60,2,w_to_Cosmic Coffee,804,v44
114202,147770,2023-10-27 09:35:41.502,-950.0,-1025.369,,,60,2,w_to_Cosmic Coffee,804,v44
114203,147771,2023-10-27 09:35:42.013,-950.0,-1023.936,,,60,2,w_to_Cosmic Coffee,804,v44
114204,147772,2023-10-27 09:35:42.514,-950.0,-1022.51,,,60,2,w_to_Cosmic Coffee,804,v44
114205,147773,2023-10-27 09:35:43.016,-950.0,-1021.036,,,60,2,w_to_Cosmic Coffee,804,v44
114206,147774,2023-10-27 09:35:43.522,-950.0,-1019.57,,,60,2,w_to_Cosmic Coffee,804,v44
114207,147775,2023-10-27 09:35:44.025,-950.0,-1018.102,,,60,2,w_to_Cosmic Coffee,804,v44
114208,147776,2023-10-27 09:35:44.542,-950.0,-1016.556,,,60,2,w_to_Cosmic Coffee,804,v44
114209,147777,2023-10-27 09:35:45.052,-950.0,-1015.036,,,60,2,w_to_Cosmic Coffee,804,v44
114210,147778,2023-10-27 09:35:45.560,-950.0,-1013.517,,,60,2,w_to_Cosmic Coffee,804,v44
114211,147779,2023-10-27 09:35:46.076,-950.0,-1011.969,,,60,2,w_to_Cosmic Coffee,804,v44
114212,147780,2023-10-27 09:35:46.593,-950.0,-1010.45,,,60,2,w_to_Cosmic Coffee,804,v44
114213,147781,2023-10-27 09:35:47.094,-950.0,-1008.96,,,60,2,w_to_Cosmic Coffee,804,v44
114214,147782,2023-10-27 09:35:47.603,-950.0,-1007.441,,,60,2,w_to_Cosmic Coffee,804,v44
114215,147783,2023-10-27 09:35:48.112,-950.0,-1005.922,,,60,2,w_to_Cosmic Coffee,804,v44
114216,147784,2023-10-27 09:35:48.620,-950.0,-1004.403,,,60,2,w_to_Cosmic Coffee,804,v44
114217,147785,2023-10-27 09:35:49.128,-950.0,-1002.884,,,60,2,w_to_Cosmic Coffee,804,v44
114218,147786,2023-10-27 09:35:49.636,-950.0,-1001.365,,,60,2,w_to_Cosmic Coffee,804,v44
114219,147787,2023-10-27 09:35:50.148,-950.0,-999.8459,,,60,2,w_to_Cosmic Coffee,804,v44
114220,147788,2023-10-27 09:35:50.649,-950.0,-998.3564,,,60,2,w_to_Cosmic Coffee,804,v44
114221,147789,2023-10-27 09:35:51.169,-950.0,-996.8073,,,60,2,w_to_Cosmic Coffee,804,v44
114222,147790,2023-10-27 09:35:51.691,-950.0,-995.2583,,,60,2,w_to_Cosmic Coffee,804,v44
114223,147791,2023-10-27 09:35:52.196,-950.0,-993.7393,,,60,2,w_to_Cosmic Coffee,804,v44
114224,147792,2023-10-27 09:35:52.698,-950.0,-992.25,,,60,2,w_to_Cosmic Coffee,804,v44
114225,147793,2023-10-27 09:35:53.223,-950.0,-990.7012,,,60,2,w_to_Cosmic Coffee,804,v44
114226,147794,2023-10-27 09:35:53.739,-950.0,-989.15,,,60,2,w_to_Cosmic Coffee,804,v44
114227,147795,2023-10-27 09:35:54.250,-950.0,-987.6248,,,60,2,w_to_Cosmic Coffee,804,v44
114228,147796,2023-10-27 09:35:54.765,-950.0,-986.0995,,,60,2,w_to_Cosmic Coffee,804,v44
114229,147797,2023-10-27 09:35:55.284,-950.0,-984.5443,,,60,2,w_to_Cosmic Coffee,804,v44
114230,147798,2023-10-27 09:35:55.785,-950.0,-983.049,,,60,2,w_to_Cosmic Coffee,804,v44
114231,147799,2023-10-27 09:35:56.308,-950.0,-981.4639,,,60,2,w_to_Cosmic Coffee,804,v44
114232,147800,2023-10-27 09:35:56.810,-950.0,-979.9685,,,60,2,w_to_Cosmic Coffee,804,v44
114233,147801,2023-10-27 09:35:57.325,-950.0,-978.4432,,,60,2,w_to_Cosmic Coffee,804,v44
114234,147802,2023-10-27 09:35:57.834,-950.0,-976.918,,,60,2,w_to_Cosmic Coffee,804,v44
114235,147803,2023-10-27 09:35:58.348,-950.0,-975.3628,,,60,2,w_to_Cosmic Coffee,804,v44
114236,147804,2023-10-27 09:35:58.870,-950.0,-973.8076,,,60,2,w_to_Cosmic Coffee,804,v44
114237,147805,2023-10-27 09:35:59.376,-950.0,-972.2823,,,60,2,w_to_Cosmic Coffee,804,v44
114238,147806,2023-10-27 09:35:59.890,-950.0,-970.7571,,,60,2,w_to_Cosmic Coffee,804,v44
114239,147807,2023-10-27 09:36:00.399,-950.0,-969.2318,,,60,2,w_to_Cosmic Coffee,804,v44
114240,147808,2023-10-27 09:36:00.900,-950.0,-967.7365,,,60,2,w_to_Cosmic Coffee,804,v44
114241,147809,2023-10-27 09:36:01.418,-950.0,-966.1813,,,60,2,w_to_Cosmic Coffee,804,v44
114242,147810,2023-10-27 09:36:01.922,-950.0,-964.6859,,,60,2,w_to_Cosmic Coffee,804,v44
114243,147811,2023-10-27 09:36:02.432,-950.0,-963.1606,,,60,2,w_to_Cosmic Coffee,804,v44
114244,147812,2023-10-27 09:36:02.947,-950.0,-961.6055,,,60,2,w_to_Cosmic Coffee,804,v44
114245,147813,2023-10-27 09:36:03.451,-950.0,-960.1101,,,60,2,w_to_Cosmic Coffee,804,v44
114246,147814,2023-10-27 09:36:03.976,-950.0,-958.525,,,60,2,w_to_Cosmic Coffee,804,v44
114247,147815,2023-10-27 09:36:04.498,-950.0,-956.9729,,,60,2,w_to_Cosmic Coffee,804,v44
114248,147816,2023-10-27 09:36:05.011,-950.0,-955.4656,,,60,2,w_to_Cosmic Coffee,804,v44
114249,147817,2023-10-27 09:36:05.519,-950.0,-953.9822,,,60,2,w_to_Cosmic Coffee,804,v44
114250,147818,2023-10-27 09:36:06.040,-950.0,-952.5178,,,60,2,w_to_Cosmic Coffee,804,v44
114251,147819,2023-10-27 09:36:06.566,-950.0,-951.0969,,,60,2,w_to_Cosmic Coffee,804,v44
114252,147820,2023-10-27 09:36:07.079,-950.0,-949.8119,,,60,2,w_to_Cosmic Coffee,804,v44
114253,147821,2023-10-27 09:36:07.601,-950.0,-948.5613,,,60,2,w_to_Cosmic Coffee,804,v44
114254,147822,2023-10-27 09:36:08.134,-933.0471,-932.0,,,60,2,w_to_Cosmic Coffee,804,h62
114255,147823,2023-10-27 09:36:08.522,-932.106,-932.0,,mapLog:isScreenLocked+False,60,2,w_to_Cosmic Coffee,804,h62
114256,147824,2023-10-27 09:36:08.558,-932.005,-932.0,,mapLog:positionXYZ+-989.4709+100+-910.1625,60,2,w_to_Cosmic Coffee,804,h62
114257,147825,2023-10-27 09:36:08.665,-931.7495,-932.0,,,60,2,w_to_Cosmic Coffee,804,h62
114258,147826,2023-10-27 09:36:09.191,-930.3243,-932.0,,,60,2,w_to_Cosmic Coffee,804,h62
114259,147827,2023-10-27 09:36:09.722,-928.8062,-932.0,,,60,2,w_to_Cosmic Coffee,804,h62
114260,147828,2023-10-27 09:36:10.250,-927.232,-932.0,,,60,2,w_to_Cosmic Coffee,804,h62
114261,147829,2023-10-27 09:36:10.781,-925.6417,-932.0,,,60,2,w_to_Cosmic Coffee,804,h62
114262,147830,2023-10-27 09:36:11.310,-924.0565,-932.0,,,60,2,w_to_Cosmic Coffee,804,h62
114263,147831,2023-10-27 09:36:11.818,-922.5286,-932.0,,,60,2,w_to_Cosmic Coffee,804,h62
114264,147832,2023-10-27 09:36:12.355,-920.9384,-932.0,,,60,2,w_to_Cosmic Coffee,804,h62
114265,147833,2023-10-27 09:36:12.865,-919.4081,-932.0,,,60,2,w_to_Cosmic Coffee,804,h62
114266,147834,2023-10-27 09:36:13.371,-917.8783,-932.0,,,60,2,w_to_Cosmic Coffee,804,h62
114267,147835,2023-10-27 09:36:13.904,-916.288,-932.0,,,60,2,w_to_Cosmic Coffee,804,h62
114268,147836,2023-10-27 09:36:14.418,-914.7283,-932.0,,,60,2,w_to_Cosmic Coffee,804,h62
114269,147837,2023-10-27 09:36:14.937,-913.1687,-932.0,,,60,2,w_to_Cosmic Coffee,804,h62
114270,147838,2023-10-27 09:36:15.447,-911.6387,-932.0,,,60,2,w_to_Cosmic Coffee,804,h62
114271,147839,2023-10-27 09:36:15.949,-910.1384,-932.0,,,60,2,w_to_Cosmic Coffee,804,h62
114272,147840,2023-10-27 09:36:16.486,-908.5478,-932.0,,,60,2,w_to_Cosmic Coffee,804,h62
114273,147841,2023-10-27 09:36:17.004,-906.9874,-932.0,,,60,2,w_to_Cosmic Coffee,804,h62
114274,147842,2023-10-27 09:36:17.529,-905.3994,-932.0,,,60,2,w_to_Cosmic Coffee,804,h62
114275,147843,2023-10-27 09:36:18.054,-903.8414,-932.0,,,60,2,w_to_Cosmic Coffee,804,h62
114276,147844,2023-10-27 09:36:18.578,-902.2534,-932.0,,,60,2,w_to_Cosmic Coffee,804,h62
114277,147845,2023-10-27 09:36:18.666,-902.0137,-932.0,,mapLog:isScreenLocked+True,60,2,w_to_Cosmic Coffee,804,h62
114278,147846,2023-10-27 09:36:19.118,-900.6354,-932.0,,,60,2,w_to_Cosmic Coffee,804,h62
114279,147847,2023-10-27 09:36:19.650,-899.0488,-932.0,,,60,2,w_to_Cosmic Coffee,804,h62
114280,147848,2023-10-27 09:36:20.151,-897.5534,-932.0,,,60,2,w_to_Cosmic Coffee,804,h62
114281,147849,2023-10-27 09:36:20.684,-895.9683,-932.0,,,60,2,w_to_Cosmic Coffee,804,h62
114282,147850,2023-10-27 09:36:21.198,-894.4131,-932.0,,,60,2,w_to_Cosmic Coffee,804,h62
114283,147851,2023-10-27 09:36:21.728,-892.8281,-932.0,,,60,2,w_to_Cosmic Coffee,804,h62
114284,147852,2023-10-27 09:36:22.232,-891.3327,-932.0,,,60,2,w_to_Cosmic Coffee,804,h62
114285,147853,2023-10-27 09:36:22.737,-889.8074,-932.0,,,60,2,w_to_Cosmic Coffee,804,h62
114286,147854,2023-10-27 09:36:23.255,-888.2822,-932.0,,,60,2,w_to_Cosmic Coffee,804,h62
114287,147855,2023-10-27 09:36:23.761,-886.7569,-932.0,,,60,2,w_to_Cosmic Coffee,804,h62
114288,147856,2023-10-27 09:36:24.267,-885.2316,-932.0,,,60,2,w_to_Cosmic Coffee,804,h62
114289,147857,2023-10-27 09:36:24.786,-883.6765,-932.0,,,60,2,w_to_Cosmic Coffee,804,h62
114290,147858,2023-10-27 09:36:25.294,-882.1811,-932.0,,,60,2,w_to_Cosmic Coffee,804,h62
114291,147859,2023-10-27 09:36:25.824,-880.596,-932.0,,,60,2,w_to_Cosmic Coffee,804,h62
114292,147860,2023-10-27 09:36:26.325,-879.1006,-932.0,,,60,2,w_to_Cosmic Coffee,804,h62
114293,147861,2023-10-27 09:36:26.837,-877.5455,-932.0,,,60,2,w_to_Cosmic Coffee,804,h62
114294,147862,2023-10-27 09:36:27.338,-876.0543,-932.0,,,60,2,w_to_Cosmic Coffee,804,h62
114295,147863,2023-10-27 09:36:27.862,-874.5391,-932.0,,,60,2,w_to_Cosmic Coffee,804,h62
114296,147864,2023-10-27 09:36:28.380,-873.095,-932.0,,,60,2,w_to_Cosmic Coffee,804,h62
114297,147865,2023-10-27 09:36:28.900,-871.7532,-932.0,,,60,2,w_to_Cosmic Coffee,804,h62
114298,147866,2023-10-27 09:36:29.421,-870.5388,-932.0,,,60,2,w_to_Cosmic Coffee,804,h62
114299,147867,2023-10-27 09:36:29.942,-869.4789,-932.0,,,60,2,w_to_Cosmic Coffee,804,h62
114300,147868,2023-10-27 09:36:30.474,-868.5664,-932.0,,,60,2,w_to_Cosmic Coffee,804,h62
114301,147869,2023-10-27 09:36:30.998,-867.8317,-932.0,,,60,2,w_to_Cosmic Coffee,804,h62
114302,147870,2023-10-27 09:36:31.518,-867.2638,-932.0,,,60,2,w_to_Cosmic Coffee,804,h62
114303,147871,2023-10-27 09:36:32.047,-866.755,-932.0,,,60,2,w_to_Cosmic Coffee,804,h62
114304,147872,2023-10-27 09:36:32.569,-866.2829,-932.0,,,60,2,w_to_Cosmic Coffee,804,h62
114305,147873,2023-10-27 09:36:33.088,-865.9042,-932.0,,,60,2,w_to_Cosmic Coffee,804,h62
114306,147874,2023-10-27 09:36:33.614,-865.6367,-932.0,,,60,2,w_to_Cosmic Coffee,804,h62
114307,147875,2023-10-27 09:36:34.139,-865.4221,-932.0,,,60,2,w_to_Cosmic Coffee,804,h62
114308,147876,2023-10-27 09:36:34.670,-865.2086,-932.0,,,60,2,w_to_Cosmic Coffee,804,h62
114309,147877,2023-10-27 09:36:35.183,-865.0031,-932.0,,,60,2,w_to_Cosmic Coffee,804,h62
114310,147878,2023-10-27 09:36:35.693,-864.7733,-932.0,,,60,2,w_to_Cosmic Coffee,804,h62
114311,147879,2023-10-27 09:36:36.203,-864.5651,-932.0,,,60,2,w_to_Cosmic Coffee,804,h62
114312,147880,2023-10-27 09:36:36.736,-864.3475,-932.0,,,60,2,w_to_Cosmic Coffee,804,h62
114313,147881,2023-10-27 09:36:37.242,-864.1461,-932.0,,,60,2,w_to_Cosmic Coffee,804,h62
114314,147882,2023-10-27 09:36:37.743,-850.0,-916.6323,,,60,2,w_to_Cosmic Coffee,804,v53
114315,147883,2023-10-27 09:36:38.266,-850.0,-915.0898,,,60,2,w_to_Cosmic Coffee,804,v53
114316,147884,2023-10-27 09:36:38.787,-850.0,-913.52,,,60,2,w_to_Cosmic Coffee,804,v53
114317,147885,2023-10-27 09:36:39.313,-850.0,-911.9775,,,60,2,w_to_Cosmic Coffee,804,v53
114318,147886,2023-10-27 09:36:39.821,-850.0,-910.4647,,,60,2,w_to_Cosmic Coffee,804,v53
114319,147887,2023-10-27 09:36:40.344,-850.0,-908.9222,,,60,2,w_to_Cosmic Coffee,804,v53
114320,147888,2023-10-27 09:36:40.864,-850.0,-907.3798,,,60,2,w_to_Cosmic Coffee,804,v53
114321,147889,2023-10-27 09:36:41.372,-850.0,-905.8669,,,60,2,w_to_Cosmic Coffee,804,v53
114322,147890,2023-10-27 09:36:41.877,-850.0,-904.3541,,,60,2,w_to_Cosmic Coffee,804,v53
114323,147891,2023-10-27 09:36:42.392,-850.0,-902.8402,,,60,2,w_to_Cosmic Coffee,804,v53
114324,147892,2023-10-27 09:36:42.896,-850.0,-901.3197,,,60,2,w_to_Cosmic Coffee,804,v53
114325,147893,2023-10-27 09:36:43.412,-850.0,-899.7944,,,60,2,w_to_Cosmic Coffee,804,v53
114326,147894,2023-10-27 09:36:43.927,-850.0,-898.2393,,,60,2,w_to_Cosmic Coffee,804,v53
114327,147895,2023-10-27 09:36:44.435,-850.0,-896.7439,,,60,2,w_to_Cosmic Coffee,804,v53
114328,147896,2023-10-27 09:36:44.939,-850.0,-895.2186,,,60,2,w_to_Cosmic Coffee,804,v53
114329,147897,2023-10-27 09:36:45.449,-850.0,-893.6934,,,60,2,w_to_Cosmic Coffee,804,v53
114330,147898,2023-10-27 09:36:45.951,-850.0,-892.198,,,60,2,w_to_Cosmic Coffee,804,v53
114331,147899,2023-10-27 09:36:46.453,-850.0,-890.7026,,,60,2,w_to_Cosmic Coffee,804,v53
114332,147900,2023-10-27 09:36:46.958,-850.0,-889.1774,,,60,2,w_to_Cosmic Coffee,804,v53
114333,147901,2023-10-27 09:36:47.470,-850.0,-887.6521,,,60,2,w_to_Cosmic Coffee,804,v53
114334,147902,2023-10-27 09:36:47.982,-850.0,-886.1268,,,60,2,w_to_Cosmic Coffee,804,v53
114335,147903,2023-10-27 09:36:48.493,-850.0,-884.6016,,,60,2,w_to_Cosmic Coffee,804,v53
114336,147904,2023-10-27 09:36:48.994,-850.0,-883.1062,,,60,2,w_to_Cosmic Coffee,804,v53
114337,147905,2023-10-27 09:36:49.509,-850.0,-881.551,,,60,2,w_to_Cosmic Coffee,804,v53
114338,147906,2023-10-27 09:36:50.018,-850.0,-880.028,,,60,2,w_to_Cosmic Coffee,804,v53
114339,147907,2023-10-27 09:36:50.530,-850.0,-878.522,,,60,2,w_to_Cosmic Coffee,804,v53
114340,147908,2023-10-27 09:36:51.037,-850.0,-877.0453,,,60,2,w_to_Cosmic Coffee,804,v53
114341,147909,2023-10-27 09:36:51.547,-850.0,-875.6094,,,60,2,w_to_Cosmic Coffee,804,v53
114342,147910,2023-10-27 09:36:52.069,-850.0,-874.1901,,,60,2,w_to_Cosmic Coffee,804,v53
114343,147911,2023-10-27 09:36:52.589,-850.0,-872.8168,,,60,2,w_to_Cosmic Coffee,804,v53
114344,147912,2023-10-27 09:36:53.095,-850.0,-871.5399,,,60,2,w_to_Cosmic Coffee,804,v53
114345,147913,2023-10-27 09:36:53.599,-850.0,-870.2867,,,60,2,w_to_Cosmic Coffee,804,v53
114346,147914,2023-10-27 09:36:54.108,-850.0,-869.0975,,,60,2,w_to_Cosmic Coffee,804,v53
114347,147915,2023-10-27 09:36:54.609,-850.0,-867.9989,,,60,2,w_to_Cosmic Coffee,804,v53
114348,147916,2023-10-27 09:36:55.109,-850.0,-866.9591,,,60,2,w_to_Cosmic Coffee,804,v53
114349,147917,2023-10-27 09:36:55.611,-850.0,-865.9703,,,60,2,w_to_Cosmic Coffee,804,v53
114350,147918,2023-10-27 09:36:56.137,-850.0,-864.9799,,,60,2,w_to_Cosmic Coffee,804,v53
114351,147919,2023-10-27 09:36:56.664,-850.0,-864.0685,,,60,2,w_to_Cosmic Coffee,804,v53
114352,147920,2023-10-27 09:36:57.169,-850.0,-863.2281,,,60,2,w_to_Cosmic Coffee,804,v53
114353,147921,2023-10-27 09:36:57.687,-850.0,-862.4176,,,60,2,w_to_Cosmic Coffee,804,v53
114354,147922,2023-10-27 09:36:58.208,-850.0,-861.6241,,,60,2,w_to_Cosmic Coffee,804,v53
114355,147923,2023-10-27 09:36:58.727,-850.0,-860.8293,,,60,2,w_to_Cosmic Coffee,804,v53
114356,147924,2023-10-27 09:36:59.229,-850.0,-860.0389,,,60,2,w_to_Cosmic Coffee,804,v53
114357,147925,2023-10-27 09:36:59.481,-850.0,-859.631,,,60,2,w_to_Cosmic Coffee,804,v53
114358,147926,2023-10-27 09:36:59.746,-850.0,-859.1923,,,60,2,w_to_Cosmic Coffee,804,v53
114359,147927,2023-10-27 09:37:00.252,-850.0,-858.8516,,,60,2,w_to_Cosmic Coffee,804,v53
114360,147928,2023-10-27 09:37:00.405,-850.0,-858.8179,,mapLog:positionXYZ+-989.4709+100+-910.1625,60,2,w_to_Cosmic Coffee,804,v53
114361,147929,2023-10-27 09:37:00.474,-850.0,-858.8036,checkedIn:Cosmic Coffee,,60,2,,804,v53
