"participantno","scenario","startpoint","lg_1","lg_2","lg_3","lg_4","total_length","duration_1","duration_2","duration_3","duration_4","total_duration","total_speed","num_stops_1","num_stops_2","num_stops_3","num_stops_4","total_walkingstops","stops_duration_1","stops_duration_2","stops_duration_3","stops_duration_4","total_walkingstop_duration"
10,1,"n",298.470980674191,175.175580043565,58.3715485737309,83.9262034277623,615.944312719249,145,68,24,40,277,2.22362567768682,10,3,2,4,19,14.488,6.035,0.952,1.545,23.02
10,2,"e",257.111238675411,152.57154526673,156.7315330996,320.287278186226,886.701595227967,114,69,61,155,399,2.22230976247611,5,6,1,6,18,0.004,0.099,0.001,13.486,13.59
10,3,"s",159.469959594077,309.722270567499,86.2321948253826,442.842720093944,998.267145080903,79,205,62,255,601,1.66101022476024,4,14,5,27,50,8.371,48.353,12.056,16.506,85.286
10,4,"w",194.532838215525,462.814762627325,265.830117511955,256.440231813851,1179.61795016866,87,222,119,105,533,2.2131668858699,7,20,4,4,35,0.765,7.657,0.01,0.004,8.436
12,1,"s",76.0764341152629,201.393405414471,185.109727899072,240.73379397615,703.313361404956,57,109,111,106,383,1.83632731437325,2,6,6,2,16,23.859,24.717,32.248,17.601,98.425
12,2,"w",307.594918420516,247.822914252503,45.9863129298754,344.739299630236,946.143445233131,136,98,30,163,427,2.21579261178719,5,9,3,10,27,19.988,0.205,0.003,17.765,37.961
12,3,"n",231.875224569618,280.272638541864,201.28459816822,184.824228857999,898.256690137702,148,202,122,142,614,1.4629587787259,24,14,6,14,58,24.727,51.006,22.478,32.521,130.732
12,4,"e",149.104539081631,125.242463646842,216.937368090204,177.973139093193,669.25750991187,103,106,102,123,434,1.54206799518864,5,6,7,8,26,0.205,44.273,6.688,0.02,51.186
13,1,"n",63.2666903158081,230.398311838192,115.239198180194,183.166117358167,592.07031769236,34,103,50,67,254,2.33098550272583,2,4,2,2,10,12.196,13.964,9.218,4.968,40.346
13,2,"e",238.112751097694,76.5036092958475,139.691735002489,126.00679040213,580.31488579816,90,45,58,54,247,2.34945297893992,5,4,5,1,15,0.007,0.128,0.434,8.028,8.597
13,3,"s",167.884555698436,102.454946154343,60.2306473683129,156.867465862965,487.437615084057,89,55,38,81,263,1.85337496229679,5,9,3,6,23,15.414,10.149,11.663,18.175,55.401
13,4,"w",189.975567150579,315.144634645322,387.921389047711,178.713961210801,1071.75555205441,75,136,190,76,477,2.24686698543902,8,7,13,5,33,0.548,8.04,5.189,0.056,13.833
15,1,"w",115.464555154839,122.505255256055,237.348396650099,148.595138935519,623.913345996512,93,63,104,56,316,1.97440932277377,6,2,3,4,15,21.824,4.068,10.48,0.001,36.373
15,2,"s",363.049872766771,168.80174125848,115.103522607998,308.37765331528,955.332789948528,147,68,50,120,385,2.48138386999618,6,1,2,7,16,11.288,0.001,0.001,0.533,11.823
15,3,"n",238.123075534554,310.509911195187,83.4482411667942,369.425489742985,1001.50671763952,166,201,68,178,613,1.63377931099432,10,12,11,6,39,5.104,27.981,3.244,0.009,36.338
15,4,"e",315.515418507483,757.236098793394,258.191358446565,264.561610269245,1595.50448601669,170,386,198,165,919,1.73613110556767,8,30,26,17,81,6.891,14.525,40.881,27.567,89.864
16,1,"e",209.601757287384,216.539283463014,117.922584209168,21.8837004394345,565.947325399001,121,113,63,37,334,1.69445307005689,4,5,3,8,20,1.321,13.769,0.003,0.802,15.895
16,2,"w",281.370101353088,193.810796290298,153.240388310527,264.450029325373,892.871315279286,135,84,123,154,496,1.80014378080501,6,4,6,19,35,19.073,1.625,48.822,32.572,102.092
16,3,"s",158.448185274182,100.607914320563,63.7682710712584,187.607992687113,510.432363353116,88,90,45,126,349,1.46255691505191,6,10,5,15,36,13.235,30.231,16.842,17.799,78.107
16,4,"n",73.2456636849532,326.300885517569,227.690688580512,172.051996527674,799.289234310707,86,278,203,144,711,1.12417613827104,11,35,30,13,89,34.899,54.113,61.627,32.31,182.949
17,1,"w",139.532333165918,369.660942289355,135.012124008754,124.137161963727,768.342561427755,75,152,104,81,412,1.86490912967902,4,1,16,7,28,14.158,21.78,29.917,27.744,93.599
17,2,"n",197.824302975126,95.8098379089732,251.532476386941,182.664295281457,727.830912552497,121,74,127,105,427,1.70452204344847,8,7,7,3,25,15.432,22.906,20.636,28.023,86.997
17,3,"s",147.562079352256,113.551739588091,393.45519095503,334.411004507385,988.98001440276,74,82,322,153,631,1.56732173439423,3,6,25,13,47,5.36,18.377,98.422,20.869,143.028
17,4,"e",197.111811623029,92.7570067898302,223.506224259405,336.583003520426,849.95804619269,83,48,99,175,405,2.09866184245109,9,5,4,17,35,0.52,8.927,0.012,7.545,17.004
18,1,"s",77.8943901212793,167.143662665925,158.728000257799,242.358339875259,646.124392920262,42,75,89,103,309,2.09101745281638,3,3,5,5,16,12.828,15.729,29.721,17.662,75.94
18,2,"w",556.619887293489,80.7672413783554,148.107615620893,222.17165139115,1007.66639568389,232,47,63,115,457,2.20495929033673,8,5,2,4,19,27.773,13.474,12.81,33.242,87.299
18,3,"n",194.504376211114,206.239265796323,199.394416893651,54.0527144730545,654.190773374142,136,130,105,30,401,1.631398437342,17,7,11,3,38,34.72,30.423,20.372,5.609,91.124
18,4,"e",124.951731446539,135.935823978449,82.0797930654807,137.875835790949,480.843184281418,63,61,46,73,243,1.97877853613752,7,4,1,2,14,1.138,0.008,0.003,0.563,1.712
19,1,"e",208.157371830221,307.219857368415,50.9779126775473,125.989000199515,692.344142075698,82,123,25,75,305,2.26998079369081,4,7,4,5,20,0.065,2.104,5.725,28.045,35.939
19,2,"s",228.49115767401,217.022047546652,78.3284178334265,40.8950769735976,564.736700027687,90,96,29,20,235,2.40313489373484,4,4,2,4,14,10.994,15.649,0.001,2.677,29.321
19,3,"w",212.442821592835,69.4159074414596,193.260542491758,92.562253613696,567.681525139749,119,67,129,51,366,1.55104241841461,11,15,14,5,45,19.691,22.864,46.597,14.202,103.354
19,4,"n",64.13484173515,207.624248170958,113.12502976497,210.847650788452,595.73177045953,37,96,56,118,307,1.94049436631769,3,5,4,10,22,12.385,12.289,14.255,23.576,62.505
20,1,"n",64.0280311033316,247.391205630943,127.215416560625,210.376259250368,649.010912545268,56,128,60,104,348,1.86497388662433,2,5,4,8,19,31.472,36.534,13.194,18.295,99.495
20,2,"e",228.209048527379,140.061999379809,150.027952137894,160.952255999013,679.251256044094,89,59,63,69,280,2.42589734301462,5,5,4,3,17,0.004,0.908,3.046,4.574,8.532
20,3,"s",150.921159692684,117.354329798271,172.995141711796,31.4378428596869,472.708474062437,64,56,71,20,211,2.24032452162293,4,2,5,3,14,5.907,13.662,5.849,7.615,33.033
20,4,"w",185.685518419848,255.488434038256,256.624403548405,149.341485296842,847.139841303351,79,126,120,80,405,2.09170331186013,6,7,9,5,27,9.187,10.234,1.028,12.694,33.143
21,1,"s",78.2929905669984,181.841859033932,178.379267420085,265.227851107306,703.741968128321,58,105,79,120,362,1.94403858598984,5,2,4,6,17,17.372,34.278,13.7,16.381,81.731
21,2,"w",339.298985370676,495.224452456302,371.543342517158,208.989741395608,1415.05652173974,134,178,146,87,545,2.59643398484357,2,6,10,3,21,8.346,0.778,2.608,6.269,18.001
21,3,"e",254.8149536174,243.563346668037,370.117477143689,79.0336002047706,947.529377633897,126,119,169,52,466,2.03332484470793,5,2,7,11,25,0.009,0.004,0.228,2.185,2.426
21,4,"n",61.9120963997122,216.797608209006,112.794893119997,129.566808997178,521.071406725894,44,103,62,53,262,1.98882216307593,9,3,2,3,17,6.605,8.964,14.087,3.295,32.951
22,1,"e",227.904905172137,377.107186814637,98.0549555524629,127.230169366109,830.297216905346,146,192,63,89,490,1.69448411613336,5,12,5,2,24,0.004,3.596,1.203,38.009,42.812
22,2,"s",380.371928274354,217.073622530365,76.4839203152728,49.9042191928391,723.83369031283,159,101,47,46,353,2.05052036915816,4,2,5,3,14,19.35,16.861,1.239,23.322,60.772
22,3,"w",209.726508942084,69.2305380085382,226.625243487426,231.694243801208,737.276534239256,132,61,152,147,492,1.4985295411367,10,9,13,11,43,44.032,21.443,40.863,15.582,121.92
22,4,"n",76.8459261839511,230.938771481903,126.718838317107,137.267656575036,571.771192557997,72,109,77,74,332,1.72220238722288,7,10,7,2,26,24.826,13.526,20.154,17.423,75.929
23,1,"n",67.9897216854173,218.45354324301,145.931109257283,148.64596738686,581.02034157257,42,88,56,57,243,2.3910302122328,1,4,2,2,9,18.259,6.134,0.002,4.792,29.187
23,2,"e",431.322827499003,197.541763274135,82.3227360453511,167.10544785656,878.29277467505,176,88,47,73,384,2.28722076738294,4,6,5,5,20,0.61,10.269,13.678,1.539,26.096
23,3,"s",590.498405517292,83.8223688325324,93.0802862447707,131.924674477747,899.325735072342,258,68,66,70,462,1.94659250015658,10,4,6,5,25,22.179,27.587,19.004,8.905,77.675
23,4,"w",230.478031242028,513.658555813234,196.861277278148,192.066687615981,1133.06455194939,129,232,97,120,578,1.96031929403009,11,11,5,9,36,9.535,11.739,0.637,5.817,27.728
24,1,"w",116.500186347605,327.533923388274,134.677959430832,172.240736409034,750.952805575745,69,143,69,95,376,1.99721490844613,3,6,3,3,15,21.557,16.04,13.605,31.464,82.666
24,2,"n",183.740187029129,65.0717726942123,477.417539180257,56.2338128561554,782.463311759753,85,46,207,35,373,2.09775686798862,2,2,9,2,15,21.367,23.614,23.422,5.083,73.486
24,3,"e",191.224523959489,181.360958662176,75.6669212326647,124.031583014282,572.283986868612,101,99,57,81,338,1.69314789014382,5,7,7,9,28,0.008,0.014,0.517,10.804,11.343
24,4,"s",86.2527119544234,255.738091082546,289.054372894002,157.280408800391,788.325584731363,72,137,175,89,473,1.66665028484432,4,9,7,2,22,25.128,20.89,35.99,14.406,96.414
25,1,"e",206.465528428014,212.248888673665,77.8189991094758,47.1253412461598,543.658757457315,96,103,42,35,276,1.9697781067294,5,2,4,4,15,2.775,28.661,0.035,0.165,31.636
25,2,"s",329.220417924669,159.841425707467,81.6648086132806,41.6650931056741,612.391745351091,138,67,39,26,270,2.26811757537441,4,3,4,2,13,22.276,8.934,6.389,9.808,47.407
25,3,"n",210.647590944801,261.703795114414,155.634175989993,127.0908074982,755.076369547407,111,145,77,55,388,1.94607311739023,8,13,3,4,28,17.764,8.334,16.237,8.583,50.918
25,4,"w",214.065844965562,471.195134637187,199.134987008283,164.862784655659,1049.25875126669,118,203,83,65,469,2.23722548244497,9,9,6,5,29,11.589,12.271,0.213,4.653,28.726
26,1,"n",73.423161065326,252.107930725715,118.503975290588,242.545176682066,686.580243763695,46,110,74,128,358,1.91782190995446,2,6,5,8,21,13.048,6.622,25.554,15.463,60.687
26,2,"e",242.103898295932,126.606937539004,209.677702754071,272.26841174197,850.656950330977,107,60,109,137,413,2.05970205891278,3,6,8,7,24,0.511,0.005,0.158,1.027,1.701
26,3,"s",147.232950126355,359.659419202723,99.8575694578357,309.141544702433,915.891483489347,79,224,64,160,527,1.73793450377485,5,20,10,17,52,16.58,44.08,5.642,12.81,79.112
26,4,"w",216.304867183269,309.291652583093,254.886459766084,217.299453604617,997.782433137062,116,112,138,112,478,2.08741094798548,13,7,40,9,69,13.213,0.013,501.631,17.901,532.758
27,1,"w",120.448000603836,169.329302979715,240.341841620712,147.033867169777,677.15301237404,50,87,123,54,314,2.15653825596828,3,6,6,4,19,6.879,15.548,37.88,0.672,60.979
27,2,"n",265.183077609553,64.761720641801,169.753517597702,179.07173716747,678.770053016525,106,30,66,67,269,2.52330874727333,3,2,2,4,11,13.421,5.945,7.619,3.434,30.419
27,3,"e",193.614442554757,152.009269088127,64.7566577220914,63.4327306197665,473.813099984742,88,79,52,36,255,1.85809058817546,5,5,7,3,20,0.008,0.011,4.684,2.075,6.778
27,4,"s",73.5457589226989,233.904407920652,79.9233819927235,126.201832918522,513.575381754596,31,110,43,52,236,2.17616687184151,2,5,5,2,14,3.621,10.446,7.358,3.013,24.438
28,1,"s",70.5608655079026,191.870282404507,42.6613193100738,268.770207460279,573.862674682762,35,73,30,107,245,2.34229663135821,3,4,3,4,14,6.851,6.761,7.416,14.615,35.643
28,2,"w",244.016228882462,175.058907701326,219.961651641402,200.717737275418,839.754525500607,97,65,94,85,341,2.46262324193726,1,1,5,2,9,8.852,0.001,2.414,12.234,23.501
28,3,"n",345.31930422374,59.4903774881301,73.5024463484791,117.15806571953,595.470193779879,167,28,38,67,300,1.98490064593293,10,4,3,5,22,33.194,5.496,5.915,5.31,49.915
28,4,"e",128.009974808344,132.524964159606,88.8136383009588,139.07020881782,488.418786086729,68,62,69,70,269,1.81568321965327,4,4,13,4,25,0.008,0.006,1.283,0.009,1.306
29,1,"n",64.217515407709,236.407727210994,203.549517642538,289.974724961207,794.149485222447,49,149,91,175,464,1.71152906297941,2,3,4,11,20,26.226,61.767,17.205,38.241,143.439
29,2,"e",235.306128485884,393.613505847829,222.344891967102,121.5592399762,972.823766277015,123,170,105,71,469,2.07425110080387,5,9,5,2,21,0.036,3.785,12.12,0.002,15.943
29,3,"s",153.531821702883,98.6616997403459,63.7258268146818,162.461482487518,478.380830745429,92,87,48,87,314,1.52350583039945,6,9,3,7,25,16.469,35.935,18.052,15.319,85.775
29,4,"w",188.435606355292,352.469689531728,163.32489445867,148.710622727807,852.940813073496,104,155,93,59,411,2.07528178363381,12,4,6,3,25,19.395,6.465,23.652,5.9,55.412
30,1,"s",78.542348510625,136.619262524393,148.925347399064,214.204087549576,578.291045983658,61,72,79,106,318,1.8185253018354,7,4,3,5,19,30.88,18.476,20.834,23.47,93.66
30,2,"n",200.737253940587,88.0050418394835,174.703460246634,162.930499240149,626.376255266854,121,72,136,114,443,1.41394188547823,6,3,8,4,21,33.452,29.957,50.656,48.121,162.186
30,3,"e",220.674078107292,208.139292824609,60.1251307025657,75.1467218587419,564.085223493208,143,169,108,55,475,1.18754783893307,15,10,15,12,52,0.696,0.586,13.2,2.336,16.818
30,4,"w",194.023093924872,296.844294271874,236.042373297121,188.92158243757,915.831343931437,102,174,136,99,511,1.79223354976798,9,6,11,9,35,9.61,30.879,3.471,8.17,52.13
31,1,"w",118.632426253921,137.68416249926,305.30260036906,141.933274618524,703.552463740765,80,86,169,102,437,1.60995987126033,3,5,10,7,25,35.208,11.583,48.029,39.321,134.141
31,2,"s",238.248040466274,210.997894808873,90.7960609546405,58.5648613741384,598.606857603926,115,99,57,30,301,1.98872710167417,3,3,5,5,16,22.606,19.059,11.129,1.558,54.352
31,3,"n",166.258470591143,264.572951625841,480.466300770381,NA,911.297722987365,143,176,251,NA,570,1.59876793506555,19,9,8,NA,36,40.435,36.976,4.414,NA,81.825
31,4,"e",404.134991725105,162.370877763449,273.629530955976,159.707961114581,999.84336155911,275,78,159,69,581,1.72090079442188,12,3,8,4,27,0.1,0.252,9.003,0.219,9.574
32,1,"e",206.205287596063,235.489981064492,94.7537814633621,25.3380716688883,561.787121792805,103,161,58,15,337,1.66702410027539,4,8,8,5,25,0.844,21.528,4.791,0.824,27.987
32,2,"w",269.384551854911,244.616301079362,52.9213829807817,384.566010320591,951.488246235646,115,101,28,188,432,2.20251908850844,3,6,5,14,28,17.325,2.562,4.976,35.894,60.757
32,3,"s",136.262836621567,106.818109002254,274.497753335845,169.757418850025,687.336117809691,66,61,132,86,345,1.99227860234693,4,8,5,9,26,11.484,6.49,20.426,13.828,52.228
32,4,"n",76.7266824151575,198.563986217462,124.470618598078,266.87458723534,666.635874466038,51,101,118,150,420,1.58722827253819,8,7,3,9,27,5.183,10.598,53.375,28.364,97.52
33,1,"w",116.677039758722,325.667005595728,235.415357895147,159.361166712144,837.120569961742,70,148,127,102,447,1.87275295293455,2,4,10,3,19,28.079,34.2,7.068,42.356,111.703
33,2,"n",190.010406707239,192.196551152111,336.853682063431,151.582433243264,870.643073166045,110,109,153,86,458,1.90096740865949,6,3,5,2,16,36.034,36.997,25.882,32.065,130.978
33,3,"s",152.353286632167,117.364901649307,167.172887515538,149.651854670516,586.542930467528,113,69,98,103,383,1.53144368268284,5,3,4,4,16,36.449,21.366,20.118,28.768,106.701
33,4,"e",132.67438175715,125.930370667643,222.21302710179,37.0696523704913,517.887431897074,87,63,114,26,290,1.78581873067957,2,6,11,4,23,0.004,0.021,0.051,6.844,6.92
34,1,"s",75.5437696106333,249.861252478806,27.4249326818167,231.565419848379,584.395374619635,69,161,31,153,414,1.41158303048221,6,5,2,5,18,38.861,72.603,19.37,70.661,201.495
34,2,"w",280.374641304068,182.104585865841,280.822145305711,200.234731752967,943.536104228588,165,105,130,96,496,1.90229053271893,6,5,2,7,20,46.881,0.524,20.258,20.77,88.433
34,3,"n",237.448482130207,227.73727385451,194.29731226225,45.6800809485562,705.163149195522,226,163,107,31,527,1.33807049183211,15,17,14,6,52,100.775,57.076,15.555,9.531,182.937
34,4,"e",159.542366049778,267.687550839723,75.1336033947231,34.6879694466154,537.051489730839,109,170,56,29,364,1.47541618057923,12,15,7,4,38,0.02,40.063,20.251,8.751,69.085
35,1,"e",203.119069299186,218.78364657906,80.7986007476911,25.9417752976107,528.643091923548,81,97,36,18,232,2.27863401691185,2,2,2,3,9,0.116,7.156,4.661,0.063,11.996
35,2,"s",283.036974624499,147.966939268526,86.27829271726,43.3902412503036,560.672447860589,116,64,33,17,230,2.43770629504604,1,1,4,1,7,15.453,3.74,1.021,0.001,20.215
35,3,"w",192.262613050266,58.7473372063073,220.430278508235,96.2722788615209,567.71250762633,81,43,128,60,312,1.81959137059721,6,9,21,4,40,9.165,3.161,24.044,25.306,61.676
35,4,"n",60.2185877676199,181.436800186837,158.550006293422,238.819302104154,639.024696352033,41,77,97,227,442,1.44575723156568,5,3,5,20,33,12.646,7.741,34.809,77.867,133.063
36,1,"n",66.7440786158939,245.19509884369,113.028527734386,187.215152483835,612.182857677806,50,135,59,102,346,1.76931461756591,2,3,2,5,12,24.826,48.099,17.677,30.804,121.406
36,2,"e",237.318516226784,79.2890879837822,142.772441282221,122.199488523786,581.579534016573,111,54,69,61,295,1.97145604751381,5,4,4,3,16,0.005,0.134,0.003,0.002,0.144
36,3,"s",145.162936691048,100.482997860794,76.0525960295108,167.360074790945,489.058605372298,90,67,58,94,309,1.58271393324368,5,6,3,7,21,26.982,18.984,21.103,16.538,83.607
36,4,"w",210.685252854805,274.493778130266,209.730498163705,170.242794451187,865.152323599963,103,144,111,89,447,1.9354638111856,12,10,5,8,35,11.283,28.545,0.156,0.531,40.515
37,1,"s",81.8386706363432,255.716726441067,532.065620047915,410.351388344372,1279.9724054697,57,134,318,222,731,1.7509882427766,3,7,12,4,26,21.5,32.67,89.693,50.954,194.817
37,2,"w",273.010513602125,464.925024060002,138.418974978511,293.608116278457,1169.96262891909,132,216,69,136,553,2.11566479008878,4,8,4,4,20,28.202,20.964,17.195,24.829,91.19
37,3,"e",470.167668957954,144.482727324573,195.172224527762,56.0096897047286,865.832310515017,277,106,488,41,912,0.949377533459448,5,5,28,3,41,0.012,0.011,318.407,11.72,330.15
37,4,"n",66.8400996427184,228.429086119081,312.434990105113,126.350750412441,734.054926279353,65,166,169,64,464,1.58201492732619,9,14,8,1,32,28.98,28.45,21.236,9.475,88.141
38,1,"e",256.916097873059,309.347396216104,130.79881204311,330.459702415915,1027.52200854819,143,149,62,140,494,2.08000406588702,2,3,4,7,16,0.348,12.225,1.176,9.396,23.145
38,2,"s",435.326872248741,377.069350995764,121.224897548014,35.578140929951,969.19926172247,219,186,84,45,534,1.81497989086605,13,9,4,3,29,27.139,24.212,18.955,27.543,97.849
38,3,"w",253.741517271075,97.5112570666056,234.505925262738,587.408904182676,1173.1676037831,193,95,164,376,828,1.41686908669456,9,15,14,11,49,65.529,20.653,14.791,17.295,118.268
38,4,"n",128.930123884685,86.940021791248,460.007700925587,333.21616195416,1009.09400855568,96,90,339,190,715,1.41132029168627,10,9,19,13,51,18.7,13.071,59.157,18.94,109.868
39,1,"n",64.8965140003262,223.48438304053,126.517616962863,182.091722426344,596.990236430062,32,113,64,82,291,2.05151283996585,6,7,3,3,19,6.873,24.331,16.834,13.577,61.615
39,2,"e",236.463125459875,83.7306979483178,153.489082291279,243.333571520962,717.016477220434,109,46,66,138,359,1.99726038222962,7,2,3,5,17,0.038,0.066,2.024,31.979,34.107
39,3,"s",160.062596773078,164.677623800087,173.262887008733,180.285855035641,678.28896261754,108,109,83,109,409,1.65840822155878,13,10,6,13,42,29.652,35.38,10.978,23.181,99.191
39,4,"w",162.379593121441,275.555252820554,367.644553847169,171.541601834025,977.121001623189,90,148,203,76,517,1.88998259501584,12,8,10,3,33,20.299,26.739,8.606,3.809,59.453
40,1,"w",115.795415005031,130.82765450584,273.134636688508,197.142663178385,716.900369377764,52,53,155,87,347,2.06599530080047,3,2,15,4,24,7.972,2.113,56.052,4.947,71.084
40,2,"n",230.894274474449,122.843008127038,225.443838504079,145.914453026445,725.095574132011,99,67,134,75,375,1.93358819768536,5,8,6,4,23,12.371,15.512,27.625,21.924,77.432
40,3,"e",174.275221454093,162.755598091047,90.9753416615954,104.334642559131,532.340803765867,98,88,60,71,317,1.67930852922986,9,6,4,7,26,0.019,0.01,0.008,2.442,2.479
40,4,"s",84.0216769831237,264.024572936554,39.4269571391028,53.2272200995003,440.700427158281,73,154,29,46,302,1.4592729376102,12,13,5,5,35,28.726,24.464,11.064,8.764,73.018
41,1,"e",224.462825545171,213.753539392796,82.9514259319692,249.674330185132,770.842121055068,120,106,81,127,434,1.77613391948172,10,2,8,10,30,1.519,27.3,0.067,0.228,29.114
41,2,"s",299.178064088809,139.058953696501,66.3219963210819,44.2597810563207,548.818795162713,151,103,48,62,364,1.50774394275471,4,5,4,3,16,25.505,47.552,23.34,42.711,139.108
41,3,"n",179.049888207752,194.20779428803,191.233855589645,51.5880537403145,616.079591825741,117,131,119,59,426,1.44619622494305,9,10,12,6,37,29.542,34.77,35.749,28.377,128.438
41,4,"w",189.022407664308,344.984339957087,258.31357286254,157.858180311026,950.178500794962,115,187,133,78,513,1.85219980661786,8,9,6,6,29,34.362,31.467,1.462,18.864,86.155
42,1,"n",69.1212390205374,166.811395383145,118.880101423299,174.627634146392,529.440369973374,38,73,60,68,239,2.21523167352876,5,2,3,4,14,8.456,15.028,17.295,0.434,41.213
42,2,"e",239.440762029725,79.753919879479,141.712020055871,116.600559893838,577.507261858913,97,48,69,60,274,2.10769073671136,3,2,1,5,11,0.032,0.097,0.001,1.018,1.148
42,3,"s",141.023458654926,113.623575906371,67.52359052356,163.19372802565,485.364353110507,60,69,36,81,246,1.97302582565247,2,6,6,3,17,9.449,15.286,6.38,13.831,44.946
42,4,"w",171.589346472378,284.081363935801,196.583192955914,161.834971524953,814.088874889047,90,123,110,66,389,2.09277345729832,4,7,7,5,23,5.393,7.592,8.298,3.088,24.371
43,1,"w",122.850283962408,612.453753779059,36.2202442662766,102.191660523632,873.715942531376,58,265,26,82,431,2.0271831613257,3,6,2,4,15,10.187,1.521,0.002,21.032,32.742
43,2,"n",215.092716004548,90.4780458592395,184.977210431931,186.809914139823,677.357886435541,103,50,82,96,331,2.04639844844574,5,1,6,2,14,25.831,16.937,0.005,2.049,44.822
43,3,"e",212.070378535622,220.656719471062,60.3877915271506,107.576812127138,600.691701660973,117,201,57,76,451,1.33191064669839,10,18,5,8,41,0.014,8.014,1.43,22.036,31.494
43,4,"s",247.333544074747,169.242790912049,35.8975172085056,97.9477059074028,550.421558102704,136,88,35,60,319,1.72545942978904,4,2,5,4,15,15.829,0.002,0.008,0.009,15.848
44,1,"s",76.9058081522697,252.920691305968,41.6136349336866,56.5561144765692,427.996248868494,78,131,36,63,308,1.38959821061199,7,8,2,3,20,39.641,29.354,16.227,35.598,120.82
44,2,"w",246.563571284126,168.766643634147,123.86772800438,157.794999171835,696.992942094488,108,83,72,96,359,1.94148451836905,5,8,3,3,19,20.467,0.214,5.472,21.561,47.714
44,3,"n",145.759886248204,183.118815838932,205.481592061524,170.729381893471,705.089676042131,98,112,107,82,399,1.76714204521837,6,9,6,8,29,25.657,29.559,15.414,13.211,83.841
44,4,"e",143.319807301863,131.252703051137,80.5644717413932,137.216264441249,492.353246535643,111,89,68,108,376,1.30945012376501,7,7,6,10,30,0.018,0.064,4.94,7.711,12.733
45,1,"n",66.6822411011991,167.74471372289,214.572422619378,258.815702481966,707.815079925434,43,71,90,110,314,2.25418815262877,3,6,6,5,20,15.959,9.1,11.608,9.162,45.829
45,2,"e",539.931972529061,95.3208273596514,80.6244910801427,129.750223448966,845.627514417822,217,43,32,49,341,2.47984608333672,6,4,4,5,19,8.677,2.452,1.954,2.885,15.968
45,3,"s",153.795957429832,123.342809369488,548.83181260507,93.4246509599359,919.395230364326,69,65,232,48,414,2.22076142600079,7,8,15,6,36,2.789,10.565,12.038,4.754,30.146
45,4,"w",165.035485714779,327.024367498828,172.592616175805,165.443055083456,830.095524472868,72,134,78,65,349,2.37849720479332,6,4,5,4,19,1.987,0.008,5.775,0.176,7.946
46,1,"s",76.5292284676056,189.122475040505,180.875056467298,79.4179679884105,525.944727963819,38,92,82,35,247,2.12933088244461,2,7,4,2,15,8.516,16.678,12.524,4.148,41.866
46,2,"n",192.57285615714,74.0108639356428,203.268615656995,153.323182064562,623.17551781434,88,46,150,70,354,1.76038281868458,5,2,5,3,15,17.054,18.361,44.253,7.515,87.183
46,3,"e",195.995922784653,161.905627606641,58.3009516835696,113.310089665594,529.512591740458,100,87,48,59,294,1.80106323721244,10,4,3,6,23,0.019,0.008,1.584,6.031,7.642
46,4,"w",248.647143781445,471.157950109173,206.788048515778,169.182900512036,1095.77604291843,176,242,92,79,589,1.86040075198375,4,11,4,2,21,6.691,9.548,0.162,0.001,16.402
47,1,"w",115.214663963412,133.428378987436,260.168411383694,150.892801543374,659.704255877916,52,64,110,61,287,2.29862110061992,3,2,6,4,15,11.293,13.388,3.974,9.146,37.801
47,2,"s",264.861085738264,185.340598490351,68.1038488389917,98.6512646611102,616.956797728718,104,78,38,46,266,2.31938645762676,4,4,2,3,13,8.069,7.391,10.831,8.188,34.479
47,3,"n",147.227731949817,209.120673742329,202.45987941829,45.0413800836543,603.849665194091,103,108,112,25,348,1.73520018733934,13,10,8,3,34,34.24,23.517,19.71,6.037,83.504
47,4,"e",129.198438476248,130.462173704643,94.1035949665591,137.148678831684,490.912885979133,66,55,51,61,233,2.10692225742117,5,6,2,7,20,0.01,0.878,7.631,1.305,9.824
48,1,"e",213.371806132566,312.153841528479,88.668623496984,158.866567096799,773.060838254828,86,140,37,74,337,2.29394907494014,2,1,5,2,10,1.534,31.435,1.557,20.37,54.896
48,2,"w",259.388610793535,525.704490360463,167.157631698755,172.962311088446,1125.2130439412,151,203,73,89,516,2.18064543399457,1,13,2,4,20,31.356,4.041,14.837,15.306,65.54
48,3,"s",156.228969924278,112.964535601101,68.4288065776899,278.243454916157,615.865767019226,80,76,29,135,320,1.92458052193508,8,7,2,4,21,12.676,29.85,4.332,22.039,68.897
48,4,"n",63.1647856863101,370.869026060132,43.4237605377128,176.488808623124,653.94638090728,32,163,33,97,325,2.01214271048394,3,3,5,7,18,7.807,11.395,11.868,15.145,46.215
49,1,"w",143.077190834752,126.639232574831,249.03069941697,149.072087759248,667.8192105858,102,85,121,67,375,1.7808512282288,4,3,3,3,13,38.621,27.258,24.12,0.13,90.129
49,2,"n",196.933714337218,75.4202044226322,252.131016066007,170.590077146996,695.075011972853,94,40,156,82,372,1.86848121498079,4,2,8,4,18,19.857,8.921,49.794,13.579,92.151
49,3,"s",146.205557172726,276.224201790911,79.0113545461146,191.688944598966,693.130058108717,85,156,45,120,406,1.70721689189339,5,10,4,15,34,25.375,30.623,10.74,24.169,90.907
49,4,"e",186.934659089221,132.484908821552,101.661428061662,230.24912354759,651.330119520024,93,58,51,103,305,2.13550858859024,4,1,5,3,13,1.105,5.177,0.014,3.563,9.859
50,1,"s",80.2065563208531,192.830478353303,190.729196097741,235.646635855722,699.41286662762,43,92,89,96,320,2.18566520821131,4,2,4,3,13,12.554,12.061,14.839,9.652,49.106
50,2,"w",303.626378318915,213.292697795968,164.092297417856,168.794791779979,849.806165312717,144,116,99,82,441,1.92699810728507,2,10,3,1,16,33.299,1.22,17.486,20.263,72.268
50,3,"n",145.24670998113,185.667312854643,206.100434410476,52.1717575365452,589.186214782795,97,112,102,28,339,1.7380124329876,8,3,3,2,16,22.199,25.324,11.957,0.354,59.834
50,4,"e",126.490497445047,126.666944490564,95.2822699080825,139.305973070361,487.745684914055,72,67,53,73,265,1.84054975439266,9,2,5,2,18,5.281,0.003,2.613,1.08,8.977
51,1,"e",199.227774600721,239.120331499051,85.9673146725915,248.881825567723,773.197246340086,85,110,35,100,330,2.34302195860632,5,1,3,6,15,0.089,15.712,0.032,1.708,17.541
51,2,"s",365.958436406081,388.736557041476,214.849126734121,321.66661350647,1291.21073368815,176,167,78,193,614,2.10294907766799,6,2,6,9,23,25.5,32.406,0.005,5.832,63.743
51,3,"w",485.303001564031,250.581357746625,71.3287381021842,366.020258433693,1173.23335584653,221,171,79,287,758,1.54780126101126,14,11,9,30,64,14.647,26.125,30.596,65.559,136.927
51,4,"n",119.793911999905,88.4847378090355,323.03401482837,29.4966015496602,560.809266186972,78,61,183,36,358,1.56650633013121,8,8,12,2,30,17.184,19.986,19.637,23.036,79.843
52,1,"n",67.3766252316816,219.274041924827,335.74370954234,153.772579855657,776.166956554506,46,109,174,86,415,1.87028182302291,2,3,7,2,14,21.856,30.306,31.694,33.668,117.524
52,2,"e",235.413696018357,86.0280477736051,216.156054388227,306.10842758519,843.706225765379,106,55,88,131,380,2.22027954148784,3,7,2,3,15,0.002,0.101,0.002,0.001,0.106
52,3,"s",156.701879769528,125.247550203212,175.306212636299,56.7464219636936,514.002064572733,95,68,79,40,282,1.8227023566409,4,3,2,7,16,19.49,18.93,15.345,3.713,57.478
52,4,"w",180.891078112925,325.85561672046,201.680893803703,175.47221902245,883.899807659539,102,178,127,93,500,1.76779961531908,11,9,9,8,37,18.863,30.145,0.986,17.228,67.222
53,1,"s",74.7345331520221,362.421017417319,82.4681505138062,120.329560475673,639.95326155882,72,174,89,75,410,1.5608616135581,3,9,15,8,35,33.009,24.171,31.876,16.682,105.738
53,2,"w",249.973754010453,176.336910455104,115.753975659788,178.915311502879,720.979951628223,129,78,77,85,369,1.95387520766456,5,7,7,4,23,29.716,1.497,10.122,15.126,56.461
53,3,"e",187.931144730208,162.08919353975,58.9755879650267,74.9570222197451,483.952948454729,137,121,64,91,413,1.17179890667005,12,9,7,11,39,2.158,0.537,6.243,6.785,15.723
53,4,"n",58.8610675961322,180.251161206971,176.569478356834,119.98334757026,535.665054730197,47,119,160,70,396,1.35268953214696,9,16,27,5,57,13.702,17.381,40.996,12.614,84.693
54,1,"e",226.706907968701,224.062883922537,82.1154950603736,24.2544216966714,557.139708648283,114,121,44,20,299,1.86334350718489,6,1,4,5,16,0.307,19.34,0.292,7.077,27.016
54,2,"s",235.974112511077,192.065167012305,121.723459814681,80.07491366495,629.837653003013,132,127,61,75,395,1.5945257038051,5,10,7,11,33,36.694,43.661,15.326,33.32,129.001
54,3,"w",220.261385228043,64.8536842615436,205.514275207815,160.211445533963,650.840790231365,134,30,140,117,421,1.54594011931441,11,2,7,8,28,19.068,5.589,30.012,4.207,58.876
54,4,"n",72.5347367326109,200.363620572821,115.465939846119,236.19909912787,624.563396279421,59,98,50,113,320,1.95176061337319,8,10,3,6,27,22.169,21.946,2.894,4.999,52.008
55,1,"n",65.1361714194699,241.554443834731,111.130231015602,150.288051572267,568.10889784207,39,141,62,79,321,1.76980965059835,7,12,3,3,25,7.965,25.553,15.582,21.098,70.198
55,2,"e",231.571703178803,75.0659828597108,216.177861437037,294.779825832721,817.595373308272,118,54,93,128,393,2.08039535192945,4,5,2,3,14,0.004,0.099,0.001,0.028,0.132
55,3,"s",148.559857822957,98.8690915446738,100.764384374471,153.683708322233,501.877042064335,108,81,132,106,427,1.17535607040828,9,4,21,10,44,39.178,28.393,58.608,36.143,162.322
55,4,"w",239.502559121052,480.856376112711,209.806459409778,175.163703485572,1105.32909812911,188,260,105,89,642,1.72169641453133,10,18,4,7,39,33.13,14.675,0.055,2.205,50.065
56,1,"w",116.896517434074,142.222036386825,245.174999263269,118.764447226409,623.058000310577,67,78,130,73,348,1.7903965526166,3,3,6,6,18,22.011,19.718,27.017,12.344,81.09
56,2,"n",183.110463176448,78.9154314947875,166.486267720844,163.311930957405,591.824093349484,83,43,67,66,259,2.28503510945747,2,2,2,3,9,16.556,10.442,7.99,8.935,43.923
56,3,"e",191.661271318962,184.548358306906,58.6665490017536,71.328563029266,506.204741656888,87,108,37,42,274,1.84746256079156,3,6,2,3,14,0.008,0.012,0.148,10.502,10.67
56,4,"s",86.825088734654,221.870883439764,88.9065977479658,129.758945797436,527.36151571982,59,105,55,64,283,1.86346825342693,3,3,3,2,11,17.753,6.777,4.347,11.284,40.161
57,1,"e",210.694913259105,313.108319051669,100.33794586151,165.713084378034,789.854262550318,104,127,58,85,374,2.11190979291529,6,3,4,5,18,0.119,16.309,1.227,4.106,21.761
57,2,"s",343.544527485335,152.049817705619,84.4499975270626,49.5434885937102,629.587831311727,166,80,47,28,321,1.96133280782469,9,5,3,4,21,35.961,11.02,12.911,7.432,67.324
57,3,"n",227.23629377596,173.314430291531,212.84978577202,51.2553541551925,664.655863994703,160,85,97,26,368,1.806130065203,14,6,4,2,26,20.065,17.132,5.861,3.942,47
57,4,"w",222.110416214464,337.297558163697,501.631697569702,178.836683775297,1239.87635572316,114,133,313,103,663,1.870100084047,13,4,20,7,44,6.544,2.108,33.289,10.797,52.738
58,1,"n",66.5257936077182,234.949285398079,142.682562850228,148.67368211356,592.831323969585,49,96,75,60,280,2.1172547284628,2,3,4,3,12,16.481,3.627,15.728,9.203,45.039
58,2,"e",248.830200512051,103.048492727613,150.595316042473,118.469815249491,620.943824531627,92,42,60,52,246,2.52416188833995,4,3,1,3,11,0.006,0.003,0.001,0.001,0.011
58,3,"s",143.849247405809,119.318080428763,188.286507411411,110.474742302311,561.928577548295,65,63,105,53,286,1.96478523618285,2,4,5,2,13,6.873,0.542,16.475,0.003,23.893
58,4,"w",197.856322823243,282.448604110395,194.868521221479,166.43024154868,841.603689703796,102,132,79,81,394,2.1360499738675,6,6,4,2,18,9.514,1.062,1.057,10.206,21.839
59,1,"w",140.012178252607,168.877303597788,264.185432577887,164.353288693277,737.42820312156,71,84,138,91,384,1.92038594562906,2,4,8,9,23,16.608,2.055,33.631,12.325,64.619
59,2,"n",222.877855200528,77.8987578580981,174.580963765139,182.425991473939,657.783568297705,117,40,82,97,336,1.95768919136222,4,4,3,5,16,11.163,2.639,17.248,12.301,43.351
59,3,"e",516.251128302805,144.046687758667,215.411685876551,128.788331328468,1004.49783326649,276,76,144,111,607,1.65485639747363,27,4,19,3,53,1.682,0.011,13.979,15.995,31.667
59,4,"s",116.15601008072,223.925793746492,149.862240187151,158.418726491801,648.362770506165,93,115,110,75,393,1.64977804200042,14,9,20,3,46,11.404,5.346,14.569,12.868,44.187
60,1,"s",65.8618541343274,379.702874989865,196.038736186099,129.984233234852,771.587698545143,46,210,85,55,396,1.94845378420491,3,12,6,4,25,18.95,58.792,13.82,6.794,98.356
60,2,"w",647.969260959343,122.322161055896,151.103217312492,24.8961011810555,946.290740508786,251,49,67,16,383,2.47073300393939,3,1,4,2,10,25.287,3.697,3.054,6.198,38.236
60,3,"n",147.204537086294,158.873638481783,194.640756889572,44.8942441353623,545.613176593012,83,86,135,29,333,1.63847800778682,15,8,6,2,31,11.809,21.191,49.283,6.504,88.787
60,4,"e",607.517207450546,158.801917995316,579.616330095429,128.858760516065,1474.79421605736,250,93,359,95,797,1.85043188965791,14,8,20,8,50,0.589,0.396,14.468,25.167,40.62
61,1,"n",63.7894693158812,483.078278146042,83.5596338492123,135.394552970938,765.821934282074,36,193,44,70,343,2.23271700956873,2,5,4,2,13,13.7,30.361,8.92,15.104,68.085
61,2,"e",231.131753492686,81.5346669533985,378.211375439253,122.462158556798,813.339954442136,93,49,146,73,361,2.25301926438265,4,4,3,2,13,0.004,0.003,0.003,6.748,6.758
61,3,"s",151.036059036766,101.073657904135,69.4249592958973,319.790488781769,641.325165018567,71,60,44,148,323,1.98552682668287,5,5,4,7,21,12.116,16.309,17.758,18.06,64.243
61,4,"w",187.580055280351,291.323911117348,194.687715086128,132.530451339657,806.122132823484,86,119,103,63,371,2.17283593752961,6,3,4,5,18,6.325,8.913,10.308,6.456,32.002
62,1,"s",77.5418131879998,259.310834102148,30.0218790045739,244.059931467947,610.934457762668,64,155,19,135,373,1.63789398863986,4,4,2,6,16,16.349,37.765,5.808,28.023,87.945
62,2,"n",206.602232360258,94.4547522243986,250.143394636666,188.759103738468,739.95948295979,115,65,134,138,452,1.63707850212343,4,1,4,8,17,20.096,0.001,0.507,1.302,21.906
62,3,"e",657.927691326017,67.6620929942515,198.708519658315,126.376714122071,1050.67501810065,325,51,138,69,583,1.80218699502685,27,7,10,4,48,0.409,1.338,50.961,0.008,52.716
62,4,"w",211.179341103127,507.130110595472,248.690951082611,160.944327419041,1127.94473020025,127,276,149,106,658,1.71420171762956,12,17,21,6,56,21.366,24.869,106.784,0.537,153.556
63,1,"w",132.81463472414,144.699990378901,239.900011967338,164.674348514579,682.088985584958,77,66,115,82,340,2.00614407524988,5,2,4,11,22,18.844,11.953,19.608,6.577,56.982
63,2,"s",315.557579090258,156.229818010412,91.67976636756,60.6335263117862,624.100689780016,154,85,97,46,382,1.6337714392147,25,8,7,7,47,35.096,21.702,44.792,14.916,116.506
63,3,"n",148.33288656288,212.150453540983,204.927187696937,48.3674083017527,613.777936102554,94,109,99,40,342,1.79467232778524,17,9,7,4,37,18.273,5.629,15.521,12.719,52.142
63,4,"e",136.422725184317,124.224914365698,211.254846522558,164.578823400369,636.481309472941,75,70,102,84,331,1.92290425822641,7,8,4,5,24,1.757,12.604,0.01,1.107,15.478
8,1,"w",171.710181030492,337.475347483784,296.741356545726,189.42293379012,995.349818850121,127,172,128,157,584,1.70436612816802,5,9,10,11,35,42.657,2.166,2.878,66.589,114.29
8,2,"n",560.859116727308,115.336362252612,200.435690488937,77.4655982325035,954.09676770136,223,53,86,43,405,2.35579448815151,6,3,4,6,19,23.265,9.593,1.533,2.499,36.89
8,3,"e",234.861040172363,172.28903765369,72.0585552365926,102.322966393091,581.531599455736,109,95,47,56,307,1.89423973764084,8,6,5,5,24,0.016,0.011,4.353,8.62,13
8,4,"s",71.3792980760388,337.011985080129,311.712272760491,248.085710741118,968.189266657776,55,254,156,170,635,1.52470750654768,6,28,9,15,58,15.424,66.733,4.64,26.087,112.884
9,1,"e",213.700502013032,253.277968272581,83.8346548371217,26.3773150505003,577.190440173235,116,148,71,33,368,1.56845228307944,3,2,6,4,15,0.002,51.745,1.002,12.524,65.273
9,2,"s",281.623748055252,160.497641532167,81.5920139679676,43.5073260307086,567.220729586095,138,82,44,34,298,1.90342526706743,2,6,2,2,12,28.664,9.359,15.317,18.435,71.775
9,3,"n",142.164100512713,159.83942147987,212.184941995785,56.3127006662764,570.501164654645,90,115,178,55,438,1.30251407455398,9,9,16,10,44,24.788,32.601,58.621,18.74,134.75
9,4,"w",237.464690736584,496.237292401173,209.535518292016,175.533123743921,1118.77062517369,185,389,130,95,799,1.40021354840262,21,40,12,6,79,9.547,92.073,12.294,0.015,113.929
